Workbook

Sheet 읽기전
A1: 읽기 전에
A3: 제목 | B3: 전국 「지역명+진료과」 키워드 3년 검색수요 분석
A4: 출처 | B4: 네이버 데이터랩 검색어트렌드 API (PlayMCP NaverSearch-datalab_search)
A5: 대상 기간 | B5: 2023-09 ~ 2026-08 (36개월, 월간)
A6: 수집일 | B6: 2026-09-09
A7: 키워드 수 | B7: 83개 (API 요청 21회, 모든 요청에 앵커 「서울피부과」 동봉)
A9: ■ 단위 — 반드시 먼저 읽을 것
B10: 이 파일의 모든 수치는 「월간 검색량(회)」이 아니라 상대지수다.
B11: 데이터랩은 절대 검색 횟수를 공개하지 않고, 요청 안의 최댓값을 100으로 둔 비율만 준다.
B12: 기준: 앵커 「서울피부과」의 36개월 평균 = 100. 지수 200이면 서울피부과의 약 2배가 검색됐다는 뜻이다.
B13: 절대 조회수·입찰가가 필요하면 네이버 검색광고 키워드도구(월간검색수 PC/모바일)를 별도로 붙여야 한다.
A15: ■ 요청 간 스케일을 맞춘 방법
B16: 데이터랩은 요청마다 최댓값을 100으로 재조정하므로 요청이 다르면 값을 비교할 수 없다 (응답 = c × 실제검색량, c는 요청마다 다름).
B17: 21번의 요청 전부에 앵커 「서울피부과」를 한 자리 고정으로 넣고, 각 요청 응답을 그 요청의 앵커 36개월 평균으로 나눠 c를 소거했다.
B18: 결과: 지수 = 실제검색량 ÷ 서울피부과 평균검색량 × 100. 앵커 자신의 시계열은 보존되므로 수준 비교와 추이 비교를 동시에 할 수 있다.
A20: ■ 연차 구분
B21: 1년차 = 2023.09–2024.08 | 2년차 = 2024.09–2025.08 | 3년차 = 2025.09–2026.08 | 3년 변화 = 3년차 ÷ 1년차 − 1
A23: ■ 시트 구성
B24: 요약_진료과 / 요약_지역 — 7대 도시·7개 진료과 합산 (수식)
B25: 수요검증 — 「환자 검색 수요가 실제로 줄었나」에 답하는 4개 묶음 비교. 대조군은 의료와 무관한 기준선
B26: TOP3 — 진료과별 대표 키워드 상위 3개
B27: 매트릭스 — 7개 진료과 × 7대 도시 규모·변화율
B28: 키워드지표 — 78개 키워드 전체 지표 (전부 월별지수를 참조하는 수식)
B29: 월별지수 — 78개 키워드 × 36개월 원지수 ★ 이 시트가 유일한 입력값이다
B30: 계절지수 / 계절_월별 — 월별 성수기·비수기 (연평균 100 기준)
B31: 원자료 — 데이터랩 API 원응답 98행 (앵커 포함, 정규화 전)
A33: ■ 편집 안내
B34: 값을 직접 넣는 시트는 「월별지수」와 「원자료」뿐이다. 나머지 시트는 전부 수식이므로 덮어쓰지 말 것.
B35: 키워드를 추가하려면 월별지수 맨 아래에 행을 추가하고 키워드지표의 마지막 행 수식을 아래로 복사하면 된다.
A37: ■ 한계
B38: ① 절대 검색량이 아니다. ② PC+모바일 합산·전 연령/성별 값이라 세그먼트 분해 불가.
B39: ③ 「광주」는 광주광역시와 경기 광주시가 섞인다. 광주 수치는 별도 검증 후 사용을 권한다.
B40: ④ 지역명 키워드는 표본이 작아 단발 이슈에 크게 흔들린다 (키워드지표의 변동계수·스파이크 열로 확인).
B41: ⑤ 데이터랩은 일정 기준 미만 검색량을 0으로 처리하므로 초소형 키워드는 과소 집계될 수 있다.
B42: ⑥ 검색 수요만 다루며 경쟁 강도·입찰가·전환율·실제 내원은 포함하지 않는다.
B43: ⑦ 데이터랩 지수가 네이버 전체 트래픽 변화를 보정하는지는 공식 문서로 확인하지 못했다(문서 접근 불가).
B44: 「수요검증」 시트의 대조군(날씨·지하철·환율·로또)이 그 확인을 대신한 간접 검증이다.
A46: ■ 의료광고법
B47: 이 문서는 검색 수요 통계만 다루며 치료 효과·전후 비교·최상급 표현을 포함하지 않는다.

Sheet 월별지수
A1: 키워드 | B1: 분류 | C1: 2023-09 | D1: 2023-10 | E1: 2023-11 | F1: 2023-12 | G1: 2024-01 | H1: 2024-02 | I1: 2024-03 | J1: 2024-04 | K1: 2024-05 | L1: 2024-06 | M1: 2024-07 | N1: 2024-08 | O1: 2024-09 | P1: 2024-10 | Q1: 2024-11 | R1: 2024-12 | S1: 2025-01 | T1: 2025-02 | U1: 2025-03 | V1: 2025-04 | W1: 2025-05 | X1: 2025-06 | Y1: 2025-07 | Z1: 2025-08 | AA1: 2025-09 | AB1: 2025-10 | AC1: 2025-11 | AD1: 2025-12 | AE1: 2026-01 | AF1: 2026-02 | AG1: 2026-03 | AH1: 2026-04 | AI1: 2026-05 | AJ1: 2026-06 | AK1: 2026-07 | AL1: 2026-08
A2: 서울치과 | B2: 지역명+진료과 | C2: 85.24 | D2: 95.54 | E2: 89.32 | F2: 95.56 | G2: 104.76 | H2: 97.13 | I2: 92.54 | J2: 91.96 | K2: 100.19 | L2: 87.33 | M2: 97.1 | N2: 97.55 | O2: 81.42 | P2: 81.95 | Q2: 89.01 | R2: 91.79 | S2: 93.75 | T2: 93.76 | U2: 94.15 | V2: 81.54 | W2: 83.91 | X2: 78.11 | Y2: 86.38 | Z2: 82.41 | AA2: 73.6 | AB2: 76.52 | AC2: 69.35 | AD2: 87.81 | AE2: 90.47 | AF2: 78.75 | AG2: 81 | AH2: 72.6 | AI2: 80.13 | AJ2: 76.53 | AK2: 82.38 | AL2: 86.99
A3: 부산치과 | B3: 지역명+진료과 | C3: 45.59 | D3: 45.5 | E3: 72.2 | F3: 104.82 | G3: 129.75 | H3: 100.91 | I3: 112.55 | J3: 197.73 | K3: 127.18 | L3: 76.29 | M3: 94.35 | N3: 86.53 | O3: 68.42 | P3: 51.43 | Q3: 57.41 | R3: 83.7 | S3: 60.24 | T3: 75.73 | U3: 154.73 | V3: 105.46 | W3: 78.69 | X3: 60.49 | Y3: 232.01 | Z3: 135 | AA3: 96.73 | AB3: 64.04 | AC3: 45.86 | AD3: 58.87 | AE3: 68.9 | AF3: 67.09 | AG3: 140.41 | AH3: 54.31 | AI3: 52.43 | AJ3: 65.59 | AK3: 132.82 | AL3: 113.12
A4: 대구치과 | B4: 지역명+진료과 | C4: 130.59 | D4: 195.55 | E4: 237.22 | F4: 146.81 | G4: 96.32 | H4: 150.86 | I4: 139.17 | J4: 99.63 | K4: 67.83 | L4: 51.72 | M4: 46.45 | N4: 80.34 | O4: 75.52 | P4: 68.64 | Q4: 64.66 | R4: 79.54 | S4: 110 | T4: 80.22 | U4: 215.8 | V4: 205.13 | W4: 172.25 | X4: 248.32 | Y4: 156.35 | Z4: 141.85 | AA4: 159.69 | AB4: 186.83 | AC4: 58.09 | AD4: 80.46 | AE4: 68.69 | AF4: 75.91 | AG4: 162.63 | AH4: 48.87 | AI4: 85.3 | AJ4: 79.56 | AK4: 159.14 | AL4: 173.94
A5: 인천치과 | B5: 지역명+진료과 | C5: 57.67 | D5: 81.93 | E5: 85.77 | F5: 77.48 | G5: 56.54 | H5: 64.44 | I5: 49.26 | J5: 63.08 | K5: 78.35 | L5: 56.45 | M5: 55.69 | N5: 53.38 | O5: 41.28 | P5: 55.52 | Q5: 57.1 | R5: 65.84 | S5: 60.43 | T5: 81.59 | U5: 75.53 | V5: 52.91 | W5: 66.33 | X5: 86.72 | Y5: 108.14 | Z5: 69.9 | AA5: 71.12 | AB5: 56.09 | AC5: 51.56 | AD5: 81.19 | AE5: 87.93 | AF5: 35.75 | AG5: 38.01 | AH5: 33.57 | AI5: 46.89 | AJ5: 48.51 | AK5: 60.97 | AL5: 83.08
A6: 광주치과 | B6: 지역명+진료과 | C6: 40.15 | D6: 41.63 | E6: 49.65 | F6: 52.68 | G6: 57.26 | H6: 84.73 | I6: 69.78 | J6: 50 | K6: 49.97 | L6: 47.61 | M6: 53.78 | N6: 205.7 | O6: 66.4 | P6: 63.83 | Q6: 59.13 | R6: 64.25 | S6: 92.68 | T6: 99.7 | U6: 76.45 | V6: 63.86 | W6: 91.68 | X6: 89.67 | Y6: 54.1 | Z6: 51.27 | AA6: 61.32 | AB6: 84.19 | AC6: 71.48 | AD6: 76.47 | AE6: 48.05 | AF6: 58.49 | AG6: 60.42 | AH6: 56.04 | AI6: 55.26 | AJ6: 43.52 | AK6: 78.23 | AL6: 63.04
A7: 대전치과 | B7: 지역명+진료과 | C7: 58.06 | D7: 78.17 | E7: 88.42 | F7: 70.01 | G7: 78.41 | H7: 93.57 | I7: 107.39 | J7: 82.19 | K7: 78.48 | L7: 81.44 | M7: 85.72 | N7: 112.89 | O7: 92.31 | P7: 90.62 | Q7: 91.42 | R7: 121.44 | S7: 167.5 | T7: 112.94 | U7: 156.75 | V7: 144.04 | W7: 159.2 | X7: 141.41 | Y7: 145.62 | Z7: 126.14 | AA7: 134.07 | AB7: 130.34 | AC7: 122.45 | AD7: 117.84 | AE7: 85.92 | AF7: 77.24 | AG7: 107.92 | AH7: 78.43 | AI7: 92.75 | AJ7: 70.87 | AK7: 97.6 | AL7: 93.67
A8: 울산치과 | B8: 지역명+진료과 | C8: 56.77 | D8: 77.29 | E8: 92.94 | F8: 76.05 | G8: 62.07 | H8: 67.39 | I8: 191.48 | J8: 131.38 | K8: 94.64 | L8: 73.61 | M8: 81.48 | N8: 69.91 | O8: 54.9 | P8: 65.34 | Q8: 58.21 | R8: 48.88 | S8: 64.36 | T8: 138.31 | U8: 186.81 | V8: 227.76 | W8: 157.06 | X8: 98.48 | Y8: 147.99 | Z8: 106.62 | AA8: 82.2 | AB8: 84.92 | AC8: 61.96 | AD8: 72.27 | AE8: 75.94 | AF8: 61.62 | AG8: 65.12 | AH8: 57.72 | AI8: 93.68 | AJ8: 47.8 | AK8: 47.59 | AL8: 79.65
A9: 서울한의원 | B9: 지역명+진료과 | C9: 27.21 | D9: 30.28 | E9: 25.09 | F9: 26.14 | G9: 29.15 | H9: 29.57 | I9: 27.11 | J9: 27.8 | K9: 32.56 | L9: 27.01 | M9: 30.25 | N9: 32.4 | O9: 29.93 | P9: 28.3 | Q9: 24.3 | R9: 23.76 | S9: 27.92 | T9: 25.09 | U9: 28.55 | V9: 25.19 | W9: 29.6 | X9: 29.77 | Y9: 27.88 | Z9: 29.98 | AA9: 27.49 | AB9: 29.07 | AC9: 22.5 | AD9: 22.07 | AE9: 25.79 | AF9: 23.93 | AG9: 22.94 | AH9: 24.11 | AI9: 27.1 | AJ9: 25.39 | AK9: 28.16 | AL9: 27.25
A10: 부산한의원 | B10: 지역명+진료과 | C10: 40.48 | D10: 112.45 | E10: 35.56 | F10: 23.3 | G10: 23.94 | H10: 25 | I10: 87.26 | J10: 90.59 | K10: 73.27 | L10: 74.73 | M10: 65.12 | N10: 43.85 | O10: 34.02 | P10: 27.44 | Q10: 27.74 | R10: 26.9 | S10: 25.62 | T10: 22.38 | U10: 27 | V10: 27.37 | W10: 31.35 | X10: 35.43 | Y10: 29.19 | Z10: 31.64 | AA10: 32.01 | AB10: 28.28 | AC10: 26.03 | AD10: 35.36 | AE10: 77.2 | AF10: 64.52 | AG10: 28.95 | AH10: 36.98 | AI10: 26.82 | AJ10: 27.87 | AK10: 32.42 | AL10: 28.03
A11: 대구한의원 | B11: 지역명+진료과 | C11: 32.4 | D11: 29.64 | E11: 48.79 | F11: 39.5 | G11: 38.04 | H11: 43.15 | I11: 58.2 | J11: 60.34 | K11: 83.93 | L11: 61.21 | M11: 56.71 | N11: 55.72 | O11: 36.86 | P11: 36.34 | Q11: 35.65 | R11: 54.03 | S11: 62.76 | T11: 50.89 | U11: 69.75 | V11: 61.72 | W11: 28.82 | X11: 26.66 | Y11: 45.24 | Z11: 46.96 | AA11: 35 | AB11: 28.48 | AC11: 23.94 | AD11: 32.79 | AE11: 51.95 | AF11: 41.87 | AG11: 32.3 | AH11: 38.23 | AI11: 31.68 | AJ11: 24.05 | AK11: 25.65 | AL11: 28.66
A12: 인천한의원 | B12: 지역명+진료과 | C12: 98.51 | D12: 117.93 | E12: 205.05 | F12: 111.12 | G12: 66.04 | H12: 65.49 | I12: 84.08 | J12: 87.97 | K12: 66.23 | L12: 57.19 | M12: 59.73 | N12: 51.06 | O12: 56.88 | P12: 44.24 | Q12: 36.88 | R12: 36.82 | S12: 40.56 | T12: 40.93 | U12: 43.56 | V12: 43.38 | W12: 46.23 | X12: 44.32 | Y12: 50.7 | Z12: 70.9 | AA12: 54.52 | AB12: 60.21 | AC12: 42.46 | AD12: 39.08 | AE12: 48.41 | AF12: 36.56 | AG12: 42.12 | AH12: 46.61 | AI12: 39.22 | AJ12: 31.27 | AK12: 34.35 | AL12: 28.99
A13: 광주한의원 | B13: 지역명+진료과 | C13: 19.82 | D13: 20.61 | E13: 16.93 | F13: 17.47 | G13: 20 | H13: 22.83 | I13: 22.64 | J13: 23.45 | K13: 20.31 | L13: 25.41 | M13: 23.83 | N13: 20.56 | O13: 40.53 | P13: 21.3 | Q13: 21.17 | R13: 18.82 | S13: 22.09 | T13: 29.33 | U13: 21.46 | V13: 17.15 | W13: 15.24 | X13: 21.24 | Y13: 19.34 | Z13: 29.66 | AA13: 27.43 | AB13: 44.15 | AC13: 16.74 | AD13: 16.75 | AE13: 16.6 | AF13: 19.58 | AG13: 20.84 | AH13: 24.13 | AI13: 25.47 | AJ13: 24.07 | AK13: 23.75 | AL13: 22.15
... A84: 대구산부인과 | B84: 기타진료과(참고) | C84: 54.74 | D84: 57.61 | E84: 48.66 | F84: 51.84 | G84: 55.23 | H84: 52.79 | I84: 54.85 | J84: 65.05 | K84: 57.81 | L84: 54.11 | M84: 57.96 | N84: 59.35 | O84: 60.84 | P84: 56.55 | Q84: 48.19 | R84: 50.91 | S84: 57.58 | T84: 50.81 | U84: 60.99 | V84: 67.9 | W84: 54.59 | X84: 52.22 | Y84: 53.05 | Z84: 61.84 | AA84: 51.08 | AB84: 61.33 | AC84: 44.01 | AD84: 49.27 | AE84: 48.41 | AF84: 48.27 | AG84: 50.56 | AH84: 56.99 | AI84: 56.95 | AJ84: 50.41 | AK84: 51.88 | AL84: 52.19

Sheet 계절_월별
A1: 키워드 | B1: 1 | C1: 2 | D1: 3 | E1: 4 | F1: 5 | G1: 6 | H1: 7 | I1: 8 | J1: 9 | K1: 10 | L1: 11 | M1: 12
A2: 서울치과 | B2: =IFERROR(AVERAGE(월별지수!G2,월별지수!S2,월별지수!AE2)/키워드지표!$C2*100,"") -> 110.84195 | C2: =IFERROR(AVERAGE(월별지수!H2,월별지수!T2,월별지수!AF2)/키워드지표!$C2*100,"") -> 103.42491 | D2: =IFERROR(AVERAGE(월별지수!I2,월별지수!U2,월별지수!AG2)/키워드지표!$C2*100,"") -> 102.6795 | E2: =IFERROR(AVERAGE(월별지수!J2,월별지수!V2,월별지수!AH2)/키워드지표!$C2*100,"") -> 94.394229 | F2: =IFERROR(AVERAGE(월별지수!K2,월별지수!W2,월별지수!AI2)/키워드지표!$C2*100,"") -> 101.35256 | G2: =IFERROR(AVERAGE(월별지수!L2,월별지수!X2,월별지수!AJ2)/키워드지표!$C2*100,"") -> 92.809232 | H2: =IFERROR(AVERAGE(월별지수!M2,월별지수!Y2,월별지수!AK2)/키워드지표!$C2*100,"") -> 101.97509 | I2: =IFERROR(AVERAGE(월별지수!N2,월별지수!Z2,월별지수!AL2)/키워드지표!$C2*100,"") -> 102.39282 | J2: =IFERROR(AVERAGE(월별지수!C2,월별지수!O2,월별지수!AA2)/키워드지표!$C2*100,"") -> 92.153942 | K2: =IFERROR(AVERAGE(월별지수!D2,월별지수!P2,월별지수!AB2)/키워드지표!$C2*100,"") -> 97.429016 | L2: =IFERROR(AVERAGE(월별지수!E2,월별지수!Q2,월별지수!AC2)/키워드지표!$C2*100,"") -> 95.000357 | M2: =IFERROR(AVERAGE(월별지수!F2,월별지수!R2,월별지수!AD2)/키워드지표!$C2*100,"") -> 105.5464
A3: 부산치과 | B3: =IFERROR(AVERAGE(월별지수!G3,월별지수!S3,월별지수!AE3)/키워드지표!$C3*100,"") -> 93.665677 | C3: =IFERROR(AVERAGE(월별지수!H3,월별지수!T3,월별지수!AF3)/키워드지표!$C3*100,"") -> 88.176388 | D3: =IFERROR(AVERAGE(월별지수!I3,월별지수!U3,월별지수!AG3)/키워드지표!$C3*100,"") -> 147.49631 | E3: =IFERROR(AVERAGE(월별지수!J3,월별지수!V3,월별지수!AH3)/키워드지표!$C3*100,"") -> 129.33644 | F3: =IFERROR(AVERAGE(월별지수!K3,월별지수!W3,월별지수!AI3)/키워드지표!$C3*100,"") -> 93.449348 | G3: =IFERROR(AVERAGE(월별지수!L3,월별지수!X3,월별지수!AJ3)/키워드지표!$C3*100,"") -> 73.215059 | H3: =IFERROR(AVERAGE(월별지수!M3,월별지수!Y3,월별지수!AK3)/키워드지표!$C3*100,"") -> 166.1236 | I3: =IFERROR(AVERAGE(월별지수!N3,월별지수!Z3,월별지수!AL3)/키워드지표!$C3*100,"") -> 121.06967 | J3: =IFERROR(AVERAGE(월별지수!C3,월별지수!O3,월별지수!AA3)/키워드지표!$C3*100,"") -> 76.243638 | K3: =IFERROR(AVERAGE(월별지수!D3,월별지수!P3,월별지수!AB3)/키워드지표!$C3*100,"") -> 58.23828 | L3: =IFERROR(AVERAGE(월별지수!E3,월별지수!Q3,월별지수!AC3)/키워드지표!$C3*100,"") -> 63.484215 | M3: =IFERROR(AVERAGE(월별지수!F3,월별지수!R3,월별지수!AD3)/키워드지표!$C3*100,"") -> 89.501384
A4: 대구치과 | B4: =IFERROR(AVERAGE(월별지수!G4,월별지수!S4,월별지수!AE4)/키워드지표!$C4*100,"") -> 75.005269 | C4: =IFERROR(AVERAGE(월별지수!H4,월별지수!T4,월별지수!AF4)/키워드지표!$C4*100,"") -> 83.727162 | D4: =IFERROR(AVERAGE(월별지수!I4,월별지수!U4,월별지수!AG4)/키워드지표!$C4*100,"") -> 141.16928 | E4: =IFERROR(AVERAGE(월별지수!J4,월별지수!V4,월별지수!AH4)/키워드지표!$C4*100,"") -> 96.447418 | F4: =IFERROR(AVERAGE(월별지수!K4,월별지수!W4,월별지수!AI4)/키워드지표!$C4*100,"") -> 88.744792 | G4: =IFERROR(AVERAGE(월별지수!L4,월별지수!X4,월별지수!AJ4)/키워드지표!$C4*100,"") -> 103.52977 | H4: =IFERROR(AVERAGE(월별지수!M4,월별지수!Y4,월별지수!AK4)/키워드지표!$C4*100,"") -> 98.713074 | I4: =IFERROR(AVERAGE(월별지수!N4,월별지수!Z4,월별지수!AL4)/키워드지표!$C4*100,"") -> 108.03777 | J4: =IFERROR(AVERAGE(월별지수!C4,월별지수!O4,월별지수!AA4)/키워드지표!$C4*100,"") -> 99.767266 | K4: =IFERROR(AVERAGE(월별지수!D4,월별지수!P4,월별지수!AB4)/키워드지표!$C4*100,"") -> 123.00621 | L4: =IFERROR(AVERAGE(월별지수!E4,월별지수!Q4,월별지수!AC4)/키워드지표!$C4*100,"") -> 98.177241 | M4: =IFERROR(AVERAGE(월별지수!F4,월별지수!R4,월별지수!AD4)/키워드지표!$C4*100,"") -> 83.674743
A5: 인천치과 | B5: =IFERROR(AVERAGE(월별지수!G5,월별지수!S5,월별지수!AE5)/키워드지표!$C5*100,"") -> 107.09153 | C5: =IFERROR(AVERAGE(월별지수!H5,월별지수!T5,월별지수!AF5)/키워드지표!$C5*100,"") -> 95.003976 | D5: =IFERROR(AVERAGE(월별지수!I5,월별지수!U5,월별지수!AG5)/키워드지표!$C5*100,"") -> 85.087263 | E5: =IFERROR(AVERAGE(월별지수!J5,월별지수!V5,월별지수!AH5)/키워드지표!$C5*100,"") -> 78.167326 | F5: =IFERROR(AVERAGE(월별지수!K5,월별지수!W5,월별지수!AI5)/키워드지표!$C5*100,"") -> 100.12137 | G5: =IFERROR(AVERAGE(월별지수!L5,월별지수!X5,월별지수!AJ5)/키워드지표!$C5*100,"") -> 100.18277 | H5: =IFERROR(AVERAGE(월별지수!M5,월별지수!Y5,월별지수!AK5)/키워드지표!$C5*100,"") -> 117.49377 | I5: =IFERROR(AVERAGE(월별지수!N5,월별지수!Z5,월별지수!AL5)/키워드지표!$C5*100,"") -> 107.8505 | J5: =IFERROR(AVERAGE(월별지수!C5,월별지수!O5,월별지수!AA5)/키워드지표!$C5*100,"") -> 88.887651 | K5: =IFERROR(AVERAGE(월별지수!D5,월별지수!P5,월별지수!AB5)/키워드지표!$C5*100,"") -> 101.15379 | L5: =IFERROR(AVERAGE(월별지수!E5,월별지수!Q5,월별지수!AC5)/키워드지표!$C5*100,"") -> 101.62256 | M5: =IFERROR(AVERAGE(월별지수!F5,월별지수!R5,월별지수!AD5)/키워드지표!$C5*100,"") -> 117.3375
A6: 광주치과 | B6: =IFERROR(AVERAGE(월별지수!G6,월별지수!S6,월별지수!AE6)/키워드지표!$C6*100,"") -> 97.674423 | C6: =IFERROR(AVERAGE(월별지수!H6,월별지수!T6,월별지수!AF6)/키워드지표!$C6*100,"") -> 119.8346 | D6: =IFERROR(AVERAGE(월별지수!I6,월별지수!U6,월별지수!AG6)/키워드지표!$C6*100,"") -> 101.94633 | E6: =IFERROR(AVERAGE(월별지수!J6,월별지수!V6,월별지수!AH6)/키워드지표!$C6*100,"") -> 83.815733 | F6: =IFERROR(AVERAGE(월별지수!K6,월별지수!W6,월별지수!AI6)/키워드지표!$C6*100,"") -> 97.137138 | G6: =IFERROR(AVERAGE(월별지수!L6,월별지수!X6,월별지수!AJ6)/키워드지표!$C6*100,"") -> 89.193812 | H6: =IFERROR(AVERAGE(월별지수!M6,월별지수!Y6,월별지수!AK6)/키워드지표!$C6*100,"") -> 91.817002 | I6: =IFERROR(AVERAGE(월별지수!N6,월별지수!Z6,월별지수!AL6)/키워드지표!$C6*100,"") -> 157.8709 | J6: =IFERROR(AVERAGE(월별지수!C6,월별지수!O6,월별지수!AA6)/키워드지표!$C6*100,"") -> 82.814933 | K6: =IFERROR(AVERAGE(월별지수!D6,월별지수!P6,월별지수!AB6)/키워드지표!$C6*100,"") -> 93.560531 | L6: =IFERROR(AVERAGE(월별지수!E6,월별지수!Q6,월별지수!AC6)/키워드지표!$C6*100,"") -> 88.92517 | M6: =IFERROR(AVERAGE(월별지수!F6,월별지수!R6,월별지수!AD6)/키워드지표!$C6*100,"") -> 95.409423
A7: 대전치과 | B7: =IFERROR(AVERAGE(월별지수!G7,월별지수!S7,월별지수!AE7)/키워드지표!$C7*100,"") -> 105.53059 | C7: =IFERROR(AVERAGE(월별지수!H7,월별지수!T7,월별지수!AF7)/키워드지표!$C7*100,"") -> 90.2394 | D7: =IFERROR(AVERAGE(월별지수!I7,월별지수!U7,월별지수!AG7)/키워드지표!$C7*100,"") -> 118.32589 | E7: =IFERROR(AVERAGE(월별지수!J7,월별지수!V7,월별지수!AH7)/키워드지표!$C7*100,"") -> 96.888332 | F7: =IFERROR(AVERAGE(월별지수!K7,월별지수!W7,월별지수!AI7)/키워드지표!$C7*100,"") -> 105.08574 | G7: =IFERROR(AVERAGE(월별지수!L7,월별지수!X7,월별지수!AJ7)/키워드지표!$C7*100,"") -> 93.411059 | H7: =IFERROR(AVERAGE(월별지수!M7,월별지수!Y7,월별지수!AK7)/키워드지표!$C7*100,"") -> 104.61373 | I7: =IFERROR(AVERAGE(월별지수!N7,월별지수!Z7,월별지수!AL7)/키워드지표!$C7*100,"") -> 105.81244 | J7: =IFERROR(AVERAGE(월별지수!C7,월별지수!O7,월별지수!AA7)/키워드지표!$C7*100,"") -> 90.460127 | K7: =IFERROR(AVERAGE(월별지수!D7,월별지수!P7,월별지수!AB7)/키워드지표!$C7*100,"") -> 95.132716 | L7: =IFERROR(AVERAGE(월별지수!E7,월별지수!Q7,월별지수!AC7)/키워드지표!$C7*100,"") -> 96.137867 | M7: =IFERROR(AVERAGE(월별지수!F7,월별지수!R7,월별지수!AD7)/키워드지표!$C7*100,"") -> 98.362104
A8: 울산치과 | B8: =IFERROR(AVERAGE(월별지수!G8,월별지수!S8,월별지수!AE8)/키워드지표!$C8*100,"") -> 74.488088 | C8: =IFERROR(AVERAGE(월별지수!H8,월별지수!T8,월별지수!AF8)/키워드지표!$C8*100,"") -> 98.391263 | D8: =IFERROR(AVERAGE(월별지수!I8,월별지수!U8,월별지수!AG8)/키워드지표!$C8*100,"") -> 163.21121 | E8: =IFERROR(AVERAGE(월별지수!J8,월별지수!V8,월별지수!AH8)/키워드지표!$C8*100,"") -> 153.43693 | F8: =IFERROR(AVERAGE(월별지수!K8,월별지수!W8,월별지수!AI8)/키워드지표!$C8*100,"") -> 127.12459 | G8: =IFERROR(AVERAGE(월별지수!L8,월별지수!X8,월별지수!AJ8)/키워드지표!$C8*100,"") -> 80.937469 | H8: =IFERROR(AVERAGE(월별지수!M8,월별지수!Y8,월별지수!AK8)/키워드지표!$C8*100,"") -> 101.97948 | I8: =IFERROR(AVERAGE(월별지수!N8,월별지수!Z8,월별지수!AL8)/키워드지표!$C8*100,"") -> 94.292131 | J8: =IFERROR(AVERAGE(월별지수!C8,월별지수!O8,월별지수!AA8)/키워드지표!$C8*100,"") -> 71.359674 | K8: =IFERROR(AVERAGE(월별지수!D8,월별지수!P8,월별지수!AB8)/키워드지표!$C8*100,"") -> 83.75539 | L8: =IFERROR(AVERAGE(월별지수!E8,월별지수!Q8,월별지수!AC8)/키워드지표!$C8*100,"") -> 78.441813 | M8: =IFERROR(AVERAGE(월별지수!F8,월별지수!R8,월별지수!AD8)/키워드지표!$C8*100,"") -> 72.581966
A9: 서울한의원 | B9: =IFERROR(AVERAGE(월별지수!G9,월별지수!S9,월별지수!AE9)/키워드지표!$C9*100,"") -> 101.39376 | C9: =IFERROR(AVERAGE(월별지수!H9,월별지수!T9,월별지수!AF9)/키워드지표!$C9*100,"") -> 96.167259 | D9: =IFERROR(AVERAGE(월별지수!I9,월별지수!U9,월별지수!AG9)/키워드지표!$C9*100,"") -> 96.180275 | E9: =IFERROR(AVERAGE(월별지수!J9,월별지수!V9,월별지수!AH9)/키워드지표!$C9*100,"") -> 94.351031 | F9: =IFERROR(AVERAGE(월별지수!K9,월별지수!W9,월별지수!AI9)/키워드지표!$C9*100,"") -> 109.22042 | G9: =IFERROR(AVERAGE(월별지수!L9,월별지수!X9,월별지수!AJ9)/키워드지표!$C9*100,"") -> 100.55748 | H9: =IFERROR(AVERAGE(월별지수!M9,월별지수!Y9,월별지수!AK9)/키워드지표!$C9*100,"") -> 105.58797 | I9: =IFERROR(AVERAGE(월별지수!N9,월별지수!Z9,월별지수!AL9)/키워드지표!$C9*100,"") -> 109.67771 | J9: =IFERROR(AVERAGE(월별지수!C9,월별지수!O9,월별지수!AA9)/키워드지표!$C9*100,"") -> 103.56274 | K9: =IFERROR(AVERAGE(월별지수!D9,월별지수!P9,월별지수!AB9)/키워드지표!$C9*100,"") -> 107.26044 | L9: =IFERROR(AVERAGE(월별지수!E9,월별지수!Q9,월별지수!AC9)/키워드지표!$C9*100,"") -> 87.974711 | M9: =IFERROR(AVERAGE(월별지수!F9,월별지수!R9,월별지수!AD9)/키워드지표!$C9*100,"") -> 88.066194
A10: 부산한의원 | B10: =IFERROR(AVERAGE(월별지수!G10,월별지수!S10,월별지수!AE10)/키워드지표!$C10*100,"") -> 102.35238 | C10: =IFERROR(AVERAGE(월별지수!H10,월별지수!T10,월별지수!AF10)/키워드지표!$C10*100,"") -> 90.359109 | D10: =IFERROR(AVERAGE(월별지수!I10,월별지수!U10,월별지수!AG10)/키워드지표!$C10*100,"") -> 115.63899 | E10: =IFERROR(AVERAGE(월별지수!J10,월별지수!V10,월별지수!AH10)/키워드지표!$C10*100,"") -> 125.10599 | F10: =IFERROR(AVERAGE(월별지수!K10,월별지수!W10,월별지수!AI10)/키워드지표!$C10*100,"") -> 106.13746 | G10: =IFERROR(AVERAGE(월별지수!L10,월별지수!X10,월별지수!AJ10)/키워드지표!$C10*100,"") -> 111.45728 | H10: =IFERROR(AVERAGE(월별지수!M10,월별지수!Y10,월별지수!AK10)/키워드지표!$C10*100,"") -> 102.33513 | I10: =IFERROR(AVERAGE(월별지수!N10,월별지수!Z10,월별지수!AL10)/키워드지표!$C10*100,"") -> 83.590779 | J10: =IFERROR(AVERAGE(월별지수!C10,월별지수!O10,월별지수!AA10)/키워드지표!$C10*100,"") -> 86.004972 | K10: =IFERROR(AVERAGE(월별지수!D10,월별지수!P10,월별지수!AB10)/키워드지표!$C10*100,"") -> 135.79734 | L10: =IFERROR(AVERAGE(월별지수!E10,월별지수!Q10,월별지수!AC10)/키워드지표!$C10*100,"") -> 72.132091 | M10: =IFERROR(AVERAGE(월별지수!F10,월별지수!R10,월별지수!AD10)/키워드지표!$C10*100,"") -> 69.088487
A11: 대구한의원 | B11: =IFERROR(AVERAGE(월별지수!G11,월별지수!S11,월별지수!AE11)/키워드지표!$C11*100,"") -> 117.66334 | C11: =IFERROR(AVERAGE(월별지수!H11,월별지수!T11,월별지수!AF11)/키워드지표!$C11*100,"") -> 104.68469 | D11: =IFERROR(AVERAGE(월별지수!I11,월별지수!U11,월별지수!AG11)/키워드지표!$C11*100,"") -> 123.43713 | E11: =IFERROR(AVERAGE(월별지수!J11,월별지수!V11,월별지수!AH11)/키워드지표!$C11*100,"") -> 123.4618 | F11: =IFERROR(AVERAGE(월별지수!K11,월별지수!W11,월별지수!AI11)/키워드지표!$C11*100,"") -> 111.24804 | G11: =IFERROR(AVERAGE(월별지수!L11,월별지수!X11,월별지수!AJ11)/키워드지표!$C11*100,"") -> 86.211871 | H11: =IFERROR(AVERAGE(월별지수!M11,월별지수!Y11,월별지수!AK11)/키워드지표!$C11*100,"") -> 98.285829 | I11: =IFERROR(AVERAGE(월별지수!N11,월별지수!Z11,월별지수!AL11)/키워드지표!$C11*100,"") -> 101.16448 | J11: =IFERROR(AVERAGE(월별지수!C11,월별지수!O11,월별지수!AA11)/키워드지표!$C11*100,"") -> 80.306519 | K11: =IFERROR(AVERAGE(월별지수!D11,월별지수!P11,월별지수!AB11)/키워드지표!$C11*100,"") -> 72.756183 | L11: =IFERROR(AVERAGE(월별지수!E11,월별지수!Q11,월별지수!AC11)/키워드지표!$C11*100,"") -> 83.481262 | M11: =IFERROR(AVERAGE(월별지수!F11,월별지수!R11,월별지수!AD11)/키워드지표!$C11*100,"") -> 97.298858
A12: 인천한의원 | B12: =IFERROR(AVERAGE(월별지수!G12,월별지수!S12,월별지수!AE12)/키워드지표!$C12*100,"") -> 87.349083 | C12: =IFERROR(AVERAGE(월별지수!H12,월별지수!T12,월별지수!AF12)/키워드지표!$C12*100,"") -> 80.562346 | D12: =IFERROR(AVERAGE(월별지수!I12,월별지수!U12,월별지수!AG12)/키워드지표!$C12*100,"") -> 95.658017 | E12: =IFERROR(AVERAGE(월별지수!J12,월별지수!V12,월별지수!AH12)/키워드지표!$C12*100,"") -> 100.27877 | F12: =IFERROR(AVERAGE(월별지수!K12,월별지수!W12,월별지수!AI12)/키워드지표!$C12*100,"") -> 85.471903 | G12: =IFERROR(AVERAGE(월별지수!L12,월별지수!X12,월별지수!AJ12)/키워드지표!$C12*100,"") -> 74.822509 | H12: =IFERROR(AVERAGE(월별지수!M12,월별지수!Y12,월별지수!AK12)/키워드지표!$C12*100,"") -> 81.579147 | I12: =IFERROR(AVERAGE(월별지수!N12,월별지수!Z12,월별지수!AL12)/키워드지표!$C12*100,"") -> 85.056746 | J12: =IFERROR(AVERAGE(월별지수!C12,월별지수!O12,월별지수!AA12)/키워드지표!$C12*100,"") -> 118.28046 | K12: =IFERROR(AVERAGE(월별지수!D12,월별지수!P12,월별지수!AB12)/키워드지표!$C12*100,"") -> 125.30785 | L12: =IFERROR(AVERAGE(월별지수!E12,월별지수!Q12,월별지수!AC12)/키워드지표!$C12*100,"") -> 160.25231 | M12: =IFERROR(AVERAGE(월별지수!F12,월별지수!R12,월별지수!AD12)/키워드지표!$C12*100,"") -> 105.38085
A13: 광주한의원 | B13: =IFERROR(AVERAGE(월별지수!G13,월별지수!S13,월별지수!AE13)/키워드지표!$C13*100,"") -> 86.648785 | C13: =IFERROR(AVERAGE(월별지수!H13,월별지수!T13,월별지수!AF13)/키워드지표!$C13*100,"") -> 105.91109 | D13: =IFERROR(AVERAGE(월별지수!I13,월별지수!U13,월별지수!AG13)/키워드지표!$C13*100,"") -> 95.87013 | E13: =IFERROR(AVERAGE(월별지수!J13,월별지수!V13,월별지수!AH13)/키워드지표!$C13*100,"") -> 95.554856 | F13: =IFERROR(AVERAGE(월별지수!K13,월별지수!W13,월별지수!AI13)/키워드지표!$C13*100,"") -> 90.069349 | G13: =IFERROR(AVERAGE(월별지수!L13,월별지수!X13,월별지수!AJ13)/키워드지표!$C13*100,"") -> 104.39786 | H13: =IFERROR(AVERAGE(월별지수!M13,월별지수!Y13,월별지수!AK13)/키워드지표!$C13*100,"") -> 98.78626 | I13: =IFERROR(AVERAGE(월별지수!N13,월별지수!Z13,월별지수!AL13)/키워드지표!$C13*100,"") -> 106.84111 | J13: =IFERROR(AVERAGE(월별지수!C13,월별지수!O13,월별지수!AA13)/키워드지표!$C13*100,"") -> 129.58701 | K13: =IFERROR(AVERAGE(월별지수!D13,월별지수!P13,월별지수!AB13)/키워드지표!$C13*100,"") -> 127.04918 | L13: =IFERROR(AVERAGE(월별지수!E13,월별지수!Q13,월별지수!AC13)/키워드지표!$C13*100,"") -> 80.974153 | M13: =IFERROR(AVERAGE(월별지수!F13,월별지수!R13,월별지수!AD13)/키워드지표!$C13*100,"") -> 78.310213
... A84: 대구산부인과 | B84: =IFERROR(AVERAGE(월별지수!G84,월별지수!S84,월별지수!AE84)/키워드지표!$C84*100,"") -> 98.369736 | C84: =IFERROR(AVERAGE(월별지수!H84,월별지수!T84,월별지수!AF84)/키워드지표!$C84*100,"") -> 92.662984 | D84: =IFERROR(AVERAGE(월별지수!I84,월별지수!U84,월별지수!AG84)/키워드지표!$C84*100,"") -> 101.52278 | E84: =IFERROR(AVERAGE(월별지수!J84,월별지수!V84,월별지수!AH84)/키워드지표!$C84*100,"") -> 115.88085 | F84: =IFERROR(AVERAGE(월별지수!K84,월별지수!W84,월별지수!AI84)/키워드지표!$C84*100,"") -> 103.32731 | G84: =IFERROR(AVERAGE(월별지수!L84,월별지수!X84,월별지수!AJ84)/키워드지표!$C84*100,"") -> 95.633625 | H84: =IFERROR(AVERAGE(월별지수!M84,월별지수!Y84,월별지수!AK84)/키워드지표!$C84*100,"") -> 99.379489 | I84: =IFERROR(AVERAGE(월별지수!N84,월별지수!Z84,월별지수!AL84)/키워드지표!$C84*100,"") -> 105.78329 | J84: =IFERROR(AVERAGE(월별지수!C84,월별지수!O84,월별지수!AA84)/키워드지표!$C84*100,"") -> 101.68564 | K84: =IFERROR(AVERAGE(월별지수!D84,월별지수!P84,월별지수!AB84)/키워드지표!$C84*100,"") -> 107.06666 | L84: =IFERROR(AVERAGE(월별지수!E84,월별지수!Q84,월별지수!AC84)/키워드지표!$C84*100,"") -> 85.939964 | M84: =IFERROR(AVERAGE(월별지수!F84,월별지수!R84,월별지수!AD84)/키워드지표!$C84*100,"") -> 92.747674

Sheet 키워드지표
A1: 키워드 | B1: 분류 | C1: 3년 평균 | D1: 1년차 2023.09–2024.08 | E1: 2년차 2024.09–2025.08 | F1: 3년차 2025.09–2026.08 | G1: 3년 변화 | H1: 변동계수 | I1: 스파이크 최대÷중앙 | J1: 피크월 | K1: 지역 | L1: 진료과
A2: 서울치과 | B2: 지역명+진료과 | C2: =AVERAGE(월별지수!C2:AL2) -> 86.903684 | D2: =AVERAGE(월별지수!C2:N2) -> 94.518559 | E2: =AVERAGE(월별지수!O2:Z2) -> 86.515731 | F2: =AVERAGE(월별지수!AA2:AL2) -> 79.676763 | G2: =IFERROR(F2/D2-1,"") -> -0.15702521 | H2: =IFERROR(STDEVP(월별지수!C2:AL2)/C2,"") -> 0.095594612 | I2: =IFERROR(MAX(월별지수!C2:AL2)/MEDIAN(월별지수!C2:AL2),"") -> 1.2018868 | J2: =INDEX(계절_월별!$B$1:$M$1,MATCH(MAX(계절_월별!B2:M2),계절_월별!B2:M2,0)) -> 1 | K2: 서울 | L2: 치과
A3: 부산치과 | B3: 지역명+진료과 | C3: =AVERAGE(월별지수!C3:AL3) -> 92.135686 | D3: =AVERAGE(월별지수!C3:N3) -> 99.450699 | E3: =AVERAGE(월별지수!O3:Z3) -> 96.943252 | F3: =AVERAGE(월별지수!AA3:AL3) -> 80.013108 | G3: =IFERROR(F3/D3-1,"") -> -0.19544951 | H3: =IFERROR(STDEVP(월별지수!C3:AL3)/C3,"") -> 0.45869777 | I3: =IFERROR(MAX(월별지수!C3:AL3)/MEDIAN(월별지수!C3:AL3),"") -> 2.9940066 | J3: =INDEX(계절_월별!$B$1:$M$1,MATCH(MAX(계절_월별!B3:M3),계절_월별!B3:M3,0)) -> 7 | K3: 부산 | L3: 치과
A4: 대구치과 | B4: 지역명+진료과 | C4: =AVERAGE(월별지수!C4:AL4) -> 122.2185 | D4: =AVERAGE(월별지수!C4:N4) -> 120.20786 | E4: =AVERAGE(월별지수!O4:Z4) -> 134.85657 | F4: =AVERAGE(월별지수!AA4:AL4) -> 111.59107 | G4: =IFERROR(F4/D4-1,"") -> -0.071682388 | H4: =IFERROR(STDEVP(월별지수!C4:AL4)/C4,"") -> 0.46315702 | I4: =IFERROR(MAX(월별지수!C4:AL4)/MEDIAN(월별지수!C4:AL4),"") -> 2.3690729 | J4: =INDEX(계절_월별!$B$1:$M$1,MATCH(MAX(계절_월별!B4:M4),계절_월별!B4:M4,0)) -> 3 | K4: 대구 | L4: 치과
A5: 인천치과 | B5: 지역명+진료과 | C5: =AVERAGE(월별지수!C5:AL5) -> 63.77789 | D5: =AVERAGE(월별지수!C5:N5) -> 65.003139 | E5: =AVERAGE(월별지수!O5:Z5) -> 68.441309 | F5: =AVERAGE(월별지수!AA5:AL5) -> 57.88922 | G5: =IFERROR(F5/D5-1,"") -> -0.10943963 | H5: =IFERROR(STDEVP(월별지수!C5:AL5)/C5,"") -> 0.25999271 | I5: =IFERROR(MAX(월별지수!C5:AL5)/MEDIAN(월별지수!C5:AL5),"") -> 1.7815306 | J5: =INDEX(계절_월별!$B$1:$M$1,MATCH(MAX(계절_월별!B5:M5),계절_월별!B5:M5,0)) -> 7 | K5: 인천 | L5: 치과
A6: 광주치과 | B6: 지역명+진료과 | C6: =AVERAGE(월별지수!C6:AL6) -> 67.569309 | D6: =AVERAGE(월별지수!C6:N6) -> 66.91264 | E6: =AVERAGE(월별지수!O6:Z6) -> 72.752372 | F6: =AVERAGE(월별지수!AA6:AL6) -> 63.042916 | G6: =IFERROR(F6/D6-1,"") -> -0.057832488 | H6: =IFERROR(STDEVP(월별지수!C6:AL6)/C6,"") -> 0.41238381 | I6: =IFERROR(MAX(월별지수!C6:AL6)/MEDIAN(월별지수!C6:AL6),"") -> 3.379232 | J6: =INDEX(계절_월별!$B$1:$M$1,MATCH(MAX(계절_월별!B6:M6),계절_월별!B6:M6,0)) -> 8 | K6: 광주 | L6: 치과
A7: 대전치과 | B7: 지역명+진료과 | C7: =AVERAGE(월별지수!C7:AL7) -> 104.81202 | D7: =AVERAGE(월별지수!C7:N7) -> 84.56263 | E7: =AVERAGE(월별지수!O7:Z7) -> 129.1156 | F7: =AVERAGE(월별지수!AA7:AL7) -> 100.75781 | G7: =IFERROR(F7/D7-1,"") -> 0.191517 | H7: =IFERROR(STDEVP(월별지수!C7:AL7)/C7,"") -> 0.26672475 | I7: =IFERROR(MAX(월별지수!C7:AL7)/MEDIAN(월별지수!C7:AL7),"") -> 1.7891199 | J7: =INDEX(계절_월별!$B$1:$M$1,MATCH(MAX(계절_월별!B7:M7),계절_월별!B7:M7,0)) -> 3 | K7: 대전 | L7: 치과
A8: 울산치과 | B8: 지역명+진료과 | C8: =AVERAGE(월별지수!C8:AL8) -> 90.561039 | D8: =AVERAGE(월별지수!C8:N8) -> 89.582854 | E8: =AVERAGE(월별지수!O8:Z8) -> 112.89373 | F8: =AVERAGE(월별지수!AA8:AL8) -> 69.206528 | G8: =IFERROR(F8/D8-1,"") -> -0.22745787 | H8: =IFERROR(STDEVP(월별지수!C8:AL8)/C8,"") -> 0.47696618 | I8: =IFERROR(MAX(월별지수!C8:AL8)/MEDIAN(월별지수!C8:AL8),"") -> 2.9971903 | J8: =INDEX(계절_월별!$B$1:$M$1,MATCH(MAX(계절_월별!B8:M8),계절_월별!B8:M8,0)) -> 3 | K8: 울산 | L8: 치과
A9: 서울한의원 | B9: 지역명+진료과 | C9: =AVERAGE(월별지수!C9:AL9) -> 27.239604 | D9: =AVERAGE(월별지수!C9:N9) -> 28.7137 | E9: =AVERAGE(월별지수!O9:Z9) -> 27.522263 | F9: =AVERAGE(월별지수!AA9:AL9) -> 25.482849 | G9: =IFERROR(F9/D9-1,"") -> -0.11251949 | H9: =IFERROR(STDEVP(월별지수!C9:AL9)/C9,"") -> 0.096111646 | I9: =IFERROR(MAX(월별지수!C9:AL9)/MEDIAN(월별지수!C9:AL9),"") -> 1.1893899 | J9: =INDEX(계절_월별!$B$1:$M$1,MATCH(MAX(계절_월별!B9:M9),계절_월별!B9:M9,0)) -> 8 | K9: 서울 | L9: 한의원
A10: 부산한의원 | B10: 지역명+진료과 | C10: =AVERAGE(월별지수!C10:AL10) -> 41.279994 | D10: =AVERAGE(월별지수!C10:N10) -> 57.961292 | E10: =AVERAGE(월별지수!O10:Z10) -> 28.839164 | F10: =AVERAGE(월별지수!AA10:AL10) -> 37.039525 | G10: =IFERROR(F10/D10-1,"") -> -0.36096102 | H10: =IFERROR(STDEVP(월별지수!C10:AL10)/C10,"") -> 0.54800431 | I10: =IFERROR(MAX(월별지수!C10:AL10)/MEDIAN(월별지수!C10:AL10),"") -> 3.5704364 | J10: =INDEX(계절_월별!$B$1:$M$1,MATCH(MAX(계절_월별!B10:M10),계절_월별!B10:M10,0)) -> 10 | K10: 부산 | L10: 한의원
A11: 대구한의원 | B11: 지역명+진료과 | C11: =AVERAGE(월별지수!C11:AL11) -> 43.274028 | D11: =AVERAGE(월별지수!C11:N11) -> 50.634718 | E11: =AVERAGE(월별지수!O11:Z11) -> 46.305857 | F11: =AVERAGE(월별지수!AA11:AL11) -> 32.881511 | G11: =IFERROR(F11/D11-1,"") -> -0.35061334 | H11: =IFERROR(STDEVP(월별지수!C11:AL11)/C11,"") -> 0.3328032 | I11: =IFERROR(MAX(월별지수!C11:AL11)/MEDIAN(월별지수!C11:AL11),"") -> 2.1596378 | J11: =INDEX(계절_월별!$B$1:$M$1,MATCH(MAX(계절_월별!B11:M11),계절_월별!B11:M11,0)) -> 4 | K11: 대구 | L11: 한의원
A12: 인천한의원 | B12: 지역명+진료과 | C12: =AVERAGE(월별지수!C12:AL12) -> 59.155994 | D12: =AVERAGE(월별지수!C12:N12) -> 89.200251 | E12: =AVERAGE(월별지수!O12:Z12) -> 46.283614 | F12: =AVERAGE(월별지수!AA12:AL12) -> 41.984117 | G12: =IFERROR(F12/D12-1,"") -> -0.52932737 | H12: =IFERROR(STDEVP(월별지수!C12:AL12)/C12,"") -> 0.55004933 | I12: =IFERROR(MAX(월별지수!C12:AL12)/MEDIAN(월별지수!C12:AL12),"") -> 4.3159919 | J12: =INDEX(계절_월별!$B$1:$M$1,MATCH(MAX(계절_월별!B12:M12),계절_월별!B12:M12,0)) -> 11 | K12: 인천 | L12: 한의원
A13: 광주한의원 | B13: 지역명+진료과 | C13: =AVERAGE(월별지수!C13:AL13) -> 22.579455 | D13: =AVERAGE(월별지수!C13:N13) -> 21.154892 | E13: =AVERAGE(월별지수!O13:Z13) -> 23.111553 | F13: =AVERAGE(월별지수!AA13:AL13) -> 23.47192 | G13: =IFERROR(F13/D13-1,"") -> 0.10952681 | H13: =IFERROR(STDEVP(월별지수!C13:AL13)/C13,"") -> 0.26074888 | I13: =IFERROR(MAX(월별지수!C13:AL13)/MEDIAN(월별지수!C13:AL13),"") -> 2.0758037 | J13: =INDEX(계절_월별!$B$1:$M$1,MATCH(MAX(계절_월별!B13:M13),계절_월별!B13:M13,0)) -> 9 | K13: 광주 | L13: 한의원
... A50: 울산성형외과 | B50: 지역명+진료과 | C50: =AVERAGE(월별지수!C50:AL50) -> 23.708605 | D50: =AVERAGE(월별지수!C50:N50) -> 28.312408 | E50: =AVERAGE(월별지수!O50:Z50) -> 22.487806 | F50: =AVERAGE(월별지수!AA50:AL50) -> 20.325602 | G50: =IFERROR(F50/D50-1,"") -> -0.28209559 | H50: =IFERROR(STDEVP(월별지수!C50:AL50)/C50,"") -> 0.20616758 | I50: =IFERROR(MAX(월별지수!C50:AL50)/MEDIAN(월별지수!C50:AL50),"") -> 1.5583317 | J50: =INDEX(계절_월별!$B$1:$M$1,MATCH(MAX(계절_월별!B50:M50),계절_월별!B50:M50,0)) -> 1 | K50: 울산 | L50: 성형외과
A51: 수원피부과 | B51: 중소도시 | C51: =AVERAGE(월별지수!C51:AL51) -> 194.18847 | D51: =AVERAGE(월별지수!C51:N51) -> 131.69423 | E51: =AVERAGE(월별지수!O51:Z51) -> 224.25883 | F51: =AVERAGE(월별지수!AA51:AL51) -> 226.61233 | G51: =IFERROR(F51/D51-1,"") -> 0.72074604 | H51: =IFERROR(STDEVP(월별지수!C51:AL51)/C51,"") -> 0.42731616 | I51: =IFERROR(MAX(월별지수!C51:AL51)/MEDIAN(월별지수!C51:AL51),"") -> 2.5561046 | J51: =INDEX(계절_월별!$B$1:$M$1,MATCH(MAX(계절_월별!B51:M51),계절_월별!B51:M51,0)) -> 7
A52: 창원피부과 | B52: 중소도시 | C52: =AVERAGE(월별지수!C52:AL52) -> 134.88238 | D52: =AVERAGE(월별지수!C52:N52) -> 127.64834 | E52: =AVERAGE(월별지수!O52:Z52) -> 143.92004 | F52: =AVERAGE(월별지수!AA52:AL52) -> 133.07876 | G52: =IFERROR(F52/D52-1,"") -> 0.042542093 | H52: =IFERROR(STDEVP(월별지수!C52:AL52)/C52,"") -> 0.31879192 | I52: =IFERROR(MAX(월별지수!C52:AL52)/MEDIAN(월별지수!C52:AL52),"") -> 2.0850011 | J52: =INDEX(계절_월별!$B$1:$M$1,MATCH(MAX(계절_월별!B52:M52),계절_월별!B52:M52,0)) -> 5
A53: 제주피부과 | B53: 중소도시 | C53: =AVERAGE(월별지수!C53:AL53) -> 50.478107 | D53: =AVERAGE(월별지수!C53:N53) -> 41.468031 | E53: =AVERAGE(월별지수!O53:Z53) -> 54.429695 | F53: =AVERAGE(월별지수!AA53:AL53) -> 55.536595 | G53: =IFERROR(F53/D53-1,"") -> 0.33926291 | H53: =IFERROR(STDEVP(월별지수!C53:AL53)/C53,"") -> 0.24337824 | I53: =IFERROR(MAX(월별지수!C53:AL53)/MEDIAN(월별지수!C53:AL53),"") -> 1.7206399 | J53: =INDEX(계절_월별!$B$1:$M$1,MATCH(MAX(계절_월별!B53:M53),계절_월별!B53:M53,0)) -> 3
A54: 수원치과 | B54: 중소도시 | C54: =AVERAGE(월별지수!C54:AL54) -> 155.84389 | D54: =AVERAGE(월별지수!C54:N54) -> 154.92503 | E54: =AVERAGE(월별지수!O54:Z54) -> 156.56938 | F54: =AVERAGE(월별지수!AA54:AL54) -> 156.03727 | G54: =IFERROR(F54/D54-1,"") -> 0.0071792255 | H54: =IFERROR(STDEVP(월별지수!C54:AL54)/C54,"") -> 0.36306413 | I54: =IFERROR(MAX(월별지수!C54:AL54)/MEDIAN(월별지수!C54:AL54),"") -> 1.8512555 | J54: =INDEX(계절_월별!$B$1:$M$1,MATCH(MAX(계절_월별!B54:M54),계절_월별!B54:M54,0)) -> 7
A55: 천안치과 | B55: 중소도시 | C55: =AVERAGE(월별지수!C55:AL55) -> 109.08363 | D55: =AVERAGE(월별지수!C55:N55) -> 75.954749 | E55: =AVERAGE(월별지수!O55:Z55) -> 163.54271 | F55: =AVERAGE(월별지수!AA55:AL55) -> 87.753438 | G55: =IFERROR(F55/D55-1,"") -> 0.1553384 | H55: =IFERROR(STDEVP(월별지수!C55:AL55)/C55,"") -> 0.78226218 | I55: =IFERROR(MAX(월별지수!C55:AL55)/MEDIAN(월별지수!C55:AL55),"") -> 5.2010741 | J55: =INDEX(계절_월별!$B$1:$M$1,MATCH(MAX(계절_월별!B55:M55),계절_월별!B55:M55,0)) -> 7
A56: 청주치과 | B56: 중소도시 | C56: =AVERAGE(월별지수!C56:AL56) -> 149.10399 | D56: =AVERAGE(월별지수!C56:N56) -> 91.826927 | E56: =AVERAGE(월별지수!O56:Z56) -> 239.03746 | F56: =AVERAGE(월별지수!AA56:AL56) -> 116.44758 | G56: =IFERROR(F56/D56-1,"") -> 0.26812015 | H56: =IFERROR(STDEVP(월별지수!C56:AL56)/C56,"") -> 0.6852742 | I56: =IFERROR(MAX(월별지수!C56:AL56)/MEDIAN(월별지수!C56:AL56),"") -> 4.9127218 | J56: =INDEX(계절_월별!$B$1:$M$1,MATCH(MAX(계절_월별!B56:M56),계절_월별!B56:M56,0)) -> 7
A57: 수원내과 | B57: 중소도시 | C57: =AVERAGE(월별지수!C57:AL57) -> 21.971723 | D57: =AVERAGE(월별지수!C57:N57) -> 22.150572 | E57: =AVERAGE(월별지수!O57:Z57) -> 21.429838 | F57: =AVERAGE(월별지수!AA57:AL57) -> 22.33476 | G57: =IFERROR(F57/D57-1,"") -> 0.008315284 | H57: =IFERROR(STDEVP(월별지수!C57:AL57)/C57,"") -> 0.23490387 | I57: =IFERROR(MAX(월별지수!C57:AL57)/MEDIAN(월별지수!C57:AL57),"") -> 1.9161945 | J57: =INDEX(계절_월별!$B$1:$M$1,MATCH(MAX(계절_월별!B57:M57),계절_월별!B57:M57,0)) -> 1
A58: 강남피부과 | B58: 상권 | C58: =AVERAGE(월별지수!C58:AL58) -> 215.21406 | D58: =AVERAGE(월별지수!C58:N58) -> 251.11377 | E58: =AVERAGE(월별지수!O58:Z58) -> 190.0524 | F58: =AVERAGE(월별지수!AA58:AL58) -> 204.476 | G58: =IFERROR(F58/D58-1,"") -> -0.18572365 | H58: =IFERROR(STDEVP(월별지수!C58:AL58)/C58,"") -> 0.21655509 | I58: =IFERROR(MAX(월별지수!C58:AL58)/MEDIAN(월별지수!C58:AL58),"") -> 1.6718719 | J58: =INDEX(계절_월별!$B$1:$M$1,MATCH(MAX(계절_월별!B58:M58),계절_월별!B58:M58,0)) -> 5
A59: 강남치과 | B59: 상권 | C59: =AVERAGE(월별지수!C59:AL59) -> 154.47035 | D59: =AVERAGE(월별지수!C59:N59) -> 99.760347 | E59: =AVERAGE(월별지수!O59:Z59) -> 219.58296 | F59: =AVERAGE(월별지수!AA59:AL59) -> 144.06774 | G59: =IFERROR(F59/D59-1,"") -> 0.44413837 | H59: =IFERROR(STDEVP(월별지수!C59:AL59)/C59,"") -> 0.71102803 | I59: =IFERROR(MAX(월별지수!C59:AL59)/MEDIAN(월별지수!C59:AL59),"") -> 4.7197484 | J59: =INDEX(계절_월별!$B$1:$M$1,MATCH(MAX(계절_월별!B59:M59),계절_월별!B59:M59,0)) -> 7
A60: 부평치과 | B60: 상권 | C60: =AVERAGE(월별지수!C60:AL60) -> 106.47623 | D60: =AVERAGE(월별지수!C60:N60) -> 116.16819 | E60: =AVERAGE(월별지수!O60:Z60) -> 116.50809 | F60: =AVERAGE(월별지수!AA60:AL60) -> 86.752424 | G60: =IFERROR(F60/D60-1,"") -> -0.25321703 | H60: =IFERROR(STDEVP(월별지수!C60:AL60)/C60,"") -> 0.51755478 | I60: =IFERROR(MAX(월별지수!C60:AL60)/MEDIAN(월별지수!C60:AL60),"") -> 2.7979901 | J60: =INDEX(계절_월별!$B$1:$M$1,MATCH(MAX(계절_월별!B60:M60),계절_월별!B60:M60,0)) -> 5
A61: 서면피부과 | B61: 상권 | C61: =AVERAGE(월별지수!C61:AL61) -> 219.44207 | D61: =AVERAGE(월별지수!C61:N61) -> 195.21055 | E61: =AVERAGE(월별지수!O61:Z61) -> 286.04182 | F61: =AVERAGE(월별지수!AA61:AL61) -> 177.07384 | G61: =IFERROR(F61/D61-1,"") -> -0.092908433 | H61: =IFERROR(STDEVP(월별지수!C61:AL61)/C61,"") -> 0.3203303 | I61: =IFERROR(MAX(월별지수!C61:AL61)/MEDIAN(월별지수!C61:AL61),"") -> 1.8449378 | J61: =INDEX(계절_월별!$B$1:$M$1,MATCH(MAX(계절_월별!B61:M61),계절_월별!B61:M61,0)) -> 2
A62: 피부과 | B62: 진료과단독 | C62: =AVERAGE(월별지수!C62:AL62) -> 5394.4498 | D62: =AVERAGE(월별지수!C62:N62) -> 5621.8705 | E62: =AVERAGE(월별지수!O62:Z62) -> 5419.9361 | F62: =AVERAGE(월별지수!AA62:AL62) -> 5141.5428 | G62: =IFERROR(F62/D62-1,"") -> -0.085439127 | H62: =IFERROR(STDEVP(월별지수!C62:AL62)/C62,"") -> 0.099855434 | I62: =IFERROR(MAX(월별지수!C62:AL62)/MEDIAN(월별지수!C62:AL62),"") -> 1.2128757 | J62: =INDEX(계절_월별!$B$1:$M$1,MATCH(MAX(계절_월별!B62:M62),계절_월별!B62:M62,0)) -> 8
... A84: 대구산부인과 | B84: 기타진료과(참고) | C84: =AVERAGE(월별지수!C84:AL84) -> 54.63435 | D84: =AVERAGE(월별지수!C84:N84) -> 55.832906 | E84: =AVERAGE(월별지수!O84:Z84) -> 56.290259 | F84: =AVERAGE(월별지수!AA84:AL84) -> 51.779885 | G84: =IFERROR(F84/D84-1,"") -> -0.072591984 | H84: =IFERROR(STDEVP(월별지수!C84:AL84)/C84,"") -> 0.093677044 | I84: =IFERROR(MAX(월별지수!C84:AL84)/MEDIAN(월별지수!C84:AL84),"") -> 1.2491895 | J84: =INDEX(계절_월별!$B$1:$M$1,MATCH(MAX(계절_월별!B84:M84),계절_월별!B84:M84,0)) -> 4

Sheet 요약_진료과
A1: 진료과 | B1: 3년 평균 | C1: 1년차 2023.09–2024.08 | D1: 2년차 2024.09–2025.08 | E1: 3년차 2025.09–2026.08 | F1: 3년 변화
A2: 치과 | B2: =SUMIFS(키워드지표!$C$2:$C$84,키워드지표!$L$2:$L$84,$A2,키워드지표!$B$2:$B$84,"지역명+진료과") -> 628 | C2: =SUMIFS(키워드지표!$D$2:$D$84,키워드지표!$L$2:$L$84,$A2,키워드지표!$B$2:$B$84,"지역명+진료과") -> 620.2 | D2: =SUMIFS(키워드지표!$E$2:$E$84,키워드지표!$L$2:$L$84,$A2,키워드지표!$B$2:$B$84,"지역명+진료과") -> 701.5 | E2: =SUMIFS(키워드지표!$F$2:$F$84,키워드지표!$L$2:$L$84,$A2,키워드지표!$B$2:$B$84,"지역명+진료과") -> 562.2 | F2: =IFERROR(E2/C2-1,"") -> -0.094
A3: 한의원 | B3: =SUMIFS(키워드지표!$C$2:$C$84,키워드지표!$L$2:$L$84,$A3,키워드지표!$B$2:$B$84,"지역명+진료과") -> 262 | C3: =SUMIFS(키워드지표!$D$2:$D$84,키워드지표!$L$2:$L$84,$A3,키워드지표!$B$2:$B$84,"지역명+진료과") -> 307 | D3: =SUMIFS(키워드지표!$E$2:$E$84,키워드지표!$L$2:$L$84,$A3,키워드지표!$B$2:$B$84,"지역명+진료과") -> 247.3 | E3: =SUMIFS(키워드지표!$F$2:$F$84,키워드지표!$L$2:$L$84,$A3,키워드지표!$B$2:$B$84,"지역명+진료과") -> 231.7 | F3: =IFERROR(E3/C3-1,"") -> -0.245
A4: 피부과 | B4: =SUMIFS(키워드지표!$C$2:$C$84,키워드지표!$L$2:$L$84,$A4,키워드지표!$B$2:$B$84,"지역명+진료과") -> 962.2 | C4: =SUMIFS(키워드지표!$D$2:$D$84,키워드지표!$L$2:$L$84,$A4,키워드지표!$B$2:$B$84,"지역명+진료과") -> 842.7 | D4: =SUMIFS(키워드지표!$E$2:$E$84,키워드지표!$L$2:$L$84,$A4,키워드지표!$B$2:$B$84,"지역명+진료과") -> 1075.8 | E4: =SUMIFS(키워드지표!$F$2:$F$84,키워드지표!$L$2:$L$84,$A4,키워드지표!$B$2:$B$84,"지역명+진료과") -> 968 | F4: =IFERROR(E4/C4-1,"") -> 0.149
A5: 정형외과 | B5: =SUMIFS(키워드지표!$C$2:$C$84,키워드지표!$L$2:$L$84,$A5,키워드지표!$B$2:$B$84,"지역명+진료과") -> 491.5 | C5: =SUMIFS(키워드지표!$D$2:$D$84,키워드지표!$L$2:$L$84,$A5,키워드지표!$B$2:$B$84,"지역명+진료과") -> 472.5 | D5: =SUMIFS(키워드지표!$E$2:$E$84,키워드지표!$L$2:$L$84,$A5,키워드지표!$B$2:$B$84,"지역명+진료과") -> 510.4 | E5: =SUMIFS(키워드지표!$F$2:$F$84,키워드지표!$L$2:$L$84,$A5,키워드지표!$B$2:$B$84,"지역명+진료과") -> 491.6 | F5: =IFERROR(E5/C5-1,"") -> 0.04
A6: 안과 | B6: =SUMIFS(키워드지표!$C$2:$C$84,키워드지표!$L$2:$L$84,$A6,키워드지표!$B$2:$B$84,"지역명+진료과") -> 578.9 | C6: =SUMIFS(키워드지표!$D$2:$D$84,키워드지표!$L$2:$L$84,$A6,키워드지표!$B$2:$B$84,"지역명+진료과") -> 592.1 | D6: =SUMIFS(키워드지표!$E$2:$E$84,키워드지표!$L$2:$L$84,$A6,키워드지표!$B$2:$B$84,"지역명+진료과") -> 587.2 | E6: =SUMIFS(키워드지표!$F$2:$F$84,키워드지표!$L$2:$L$84,$A6,키워드지표!$B$2:$B$84,"지역명+진료과") -> 557.5 | F6: =IFERROR(E6/C6-1,"") -> -0.058
A7: 내과 | B7: =SUMIFS(키워드지표!$C$2:$C$84,키워드지표!$L$2:$L$84,$A7,키워드지표!$B$2:$B$84,"지역명+진료과") -> 210 | C7: =SUMIFS(키워드지표!$D$2:$D$84,키워드지표!$L$2:$L$84,$A7,키워드지표!$B$2:$B$84,"지역명+진료과") -> 242.7 | D7: =SUMIFS(키워드지표!$E$2:$E$84,키워드지표!$L$2:$L$84,$A7,키워드지표!$B$2:$B$84,"지역명+진료과") -> 203.3 | E7: =SUMIFS(키워드지표!$F$2:$F$84,키워드지표!$L$2:$L$84,$A7,키워드지표!$B$2:$B$84,"지역명+진료과") -> 184 | F7: =IFERROR(E7/C7-1,"") -> -0.242
A8: 성형외과 | B8: =SUMIFS(키워드지표!$C$2:$C$84,키워드지표!$L$2:$L$84,$A8,키워드지표!$B$2:$B$84,"지역명+진료과") -> 401.9 | C8: =SUMIFS(키워드지표!$D$2:$D$84,키워드지표!$L$2:$L$84,$A8,키워드지표!$B$2:$B$84,"지역명+진료과") -> 342.9 | D8: =SUMIFS(키워드지표!$E$2:$E$84,키워드지표!$L$2:$L$84,$A8,키워드지표!$B$2:$B$84,"지역명+진료과") -> 447.1 | E8: =SUMIFS(키워드지표!$F$2:$F$84,키워드지표!$L$2:$L$84,$A8,키워드지표!$B$2:$B$84,"지역명+진료과") -> 415.6 | F8: =IFERROR(E8/C8-1,"") -> 0.212
A10: 7대 특·광역시 × 7개 진료과 49개 키워드만 합산한 값이다. 중소도시·상권·진료과단독 키워드는 제외.

Sheet 요약_지역
A1: 지역 | B1: 3년 평균 | C1: 1년차 2023.09–2024.08 | D1: 2년차 2024.09–2025.08 | E1: 3년차 2025.09–2026.08 | F1: 3년 변화
A2: 서울 | B2: =SUMIFS(키워드지표!$C$2:$C$84,키워드지표!$K$2:$K$84,$A2,키워드지표!$B$2:$B$84,"지역명+진료과") -> 713.5 | C2: =SUMIFS(키워드지표!$D$2:$D$84,키워드지표!$K$2:$K$84,$A2,키워드지표!$B$2:$B$84,"지역명+진료과") -> 772.4 | D2: =SUMIFS(키워드지표!$E$2:$E$84,키워드지표!$K$2:$K$84,$A2,키워드지표!$B$2:$B$84,"지역명+진료과") -> 720.7 | E2: =SUMIFS(키워드지표!$F$2:$F$84,키워드지표!$K$2:$K$84,$A2,키워드지표!$B$2:$B$84,"지역명+진료과") -> 647.3 | F2: =IFERROR(E2/C2-1,"") -> -0.162
A3: 부산 | B3: =SUMIFS(키워드지표!$C$2:$C$84,키워드지표!$K$2:$K$84,$A3,키워드지표!$B$2:$B$84,"지역명+진료과") -> 437.1 | C3: =SUMIFS(키워드지표!$D$2:$D$84,키워드지표!$K$2:$K$84,$A3,키워드지표!$B$2:$B$84,"지역명+진료과") -> 400.6 | D3: =SUMIFS(키워드지표!$E$2:$E$84,키워드지표!$K$2:$K$84,$A3,키워드지표!$B$2:$B$84,"지역명+진료과") -> 462.6 | E3: =SUMIFS(키워드지표!$F$2:$F$84,키워드지표!$K$2:$K$84,$A3,키워드지표!$B$2:$B$84,"지역명+진료과") -> 448 | F3: =IFERROR(E3/C3-1,"") -> 0.118
A4: 대구 | B4: =SUMIFS(키워드지표!$C$2:$C$84,키워드지표!$K$2:$K$84,$A4,키워드지표!$B$2:$B$84,"지역명+진료과") -> 599.9 | C4: =SUMIFS(키워드지표!$D$2:$D$84,키워드지표!$K$2:$K$84,$A4,키워드지표!$B$2:$B$84,"지역명+진료과") -> 554.1 | D4: =SUMIFS(키워드지표!$E$2:$E$84,키워드지표!$K$2:$K$84,$A4,키워드지표!$B$2:$B$84,"지역명+진료과") -> 657.1 | E4: =SUMIFS(키워드지표!$F$2:$F$84,키워드지표!$K$2:$K$84,$A4,키워드지표!$B$2:$B$84,"지역명+진료과") -> 588.5 | F4: =IFERROR(E4/C4-1,"") -> 0.062
A5: 인천 | B5: =SUMIFS(키워드지표!$C$2:$C$84,키워드지표!$K$2:$K$84,$A5,키워드지표!$B$2:$B$84,"지역명+진료과") -> 312.3 | C5: =SUMIFS(키워드지표!$D$2:$D$84,키워드지표!$K$2:$K$84,$A5,키워드지표!$B$2:$B$84,"지역명+진료과") -> 344.7 | D5: =SUMIFS(키워드지표!$E$2:$E$84,키워드지표!$K$2:$K$84,$A5,키워드지표!$B$2:$B$84,"지역명+진료과") -> 339.3 | E5: =SUMIFS(키워드지표!$F$2:$F$84,키워드지표!$K$2:$K$84,$A5,키워드지표!$B$2:$B$84,"지역명+진료과") -> 252.9 | F5: =IFERROR(E5/C5-1,"") -> -0.266
A6: 광주 | B6: =SUMIFS(키워드지표!$C$2:$C$84,키워드지표!$K$2:$K$84,$A6,키워드지표!$B$2:$B$84,"지역명+진료과") -> 483.6 | C6: =SUMIFS(키워드지표!$D$2:$D$84,키워드지표!$K$2:$K$84,$A6,키워드지표!$B$2:$B$84,"지역명+진료과") -> 467 | D6: =SUMIFS(키워드지표!$E$2:$E$84,키워드지표!$K$2:$K$84,$A6,키워드지표!$B$2:$B$84,"지역명+진료과") -> 477.4 | E6: =SUMIFS(키워드지표!$F$2:$F$84,키워드지표!$K$2:$K$84,$A6,키워드지표!$B$2:$B$84,"지역명+진료과") -> 506.3 | F6: =IFERROR(E6/C6-1,"") -> 0.084
A7: 대전 | B7: =SUMIFS(키워드지표!$C$2:$C$84,키워드지표!$K$2:$K$84,$A7,키워드지표!$B$2:$B$84,"지역명+진료과") -> 592.4 | C7: =SUMIFS(키워드지표!$D$2:$D$84,키워드지표!$K$2:$K$84,$A7,키워드지표!$B$2:$B$84,"지역명+진료과") -> 501.3 | D7: =SUMIFS(키워드지표!$E$2:$E$84,키워드지표!$K$2:$K$84,$A7,키워드지표!$B$2:$B$84,"지역명+진료과") -> 691.5 | E7: =SUMIFS(키워드지표!$F$2:$F$84,키워드지표!$K$2:$K$84,$A7,키워드지표!$B$2:$B$84,"지역명+진료과") -> 584.5 | F7: =IFERROR(E7/C7-1,"") -> 0.166
A8: 울산 | B8: =SUMIFS(키워드지표!$C$2:$C$84,키워드지표!$K$2:$K$84,$A8,키워드지표!$B$2:$B$84,"지역명+진료과") -> 395.8 | C8: =SUMIFS(키워드지표!$D$2:$D$84,키워드지표!$K$2:$K$84,$A8,키워드지표!$B$2:$B$84,"지역명+진료과") -> 380.1 | D8: =SUMIFS(키워드지표!$E$2:$E$84,키워드지표!$K$2:$K$84,$A8,키워드지표!$B$2:$B$84,"지역명+진료과") -> 424 | E8: =SUMIFS(키워드지표!$F$2:$F$84,키워드지표!$K$2:$K$84,$A8,키워드지표!$B$2:$B$84,"지역명+진료과") -> 383.2 | F8: =IFERROR(E8/C8-1,"") -> 0.008
A10: 7대 특·광역시 × 7개 진료과 49개 키워드만 합산한 값이다. 중소도시·상권·진료과단독 키워드는 제외.

Sheet 수요검증
A1: 「환자 검색 수요가 실제로 줄었나」 — 성격이 다른 네 묶음 비교
A2: 대조군(의료와 무관한 생활 키워드)을 넣은 이유: 네이버 검색 트래픽 자체가 줄고 있다면 모든 키워드가 같이 내려가 의료 수요 감소처럼 보이기 때문이다.
A4: 묶음 | B4: 키워드 | C4: 1년차 2023.09–2024.08 | D4: 2년차 2024.09–2025.08 | E4: 3년차 2025.09–2026.08 | F4: 3년 평균 | G4: 3년 변화
A5: 지역명+진료과 (병원 탐색) | B5: 49개 키워드 합산 | C5: =SUMIFS(키워드지표!$D$2:$D$84,키워드지표!$B$2:$B$84,"지역명+진료과") -> 3420.2 | D5: =SUMIFS(키워드지표!$E$2:$E$84,키워드지표!$B$2:$B$84,"지역명+진료과") -> 3772.7 | E5: =SUMIFS(키워드지표!$F$2:$F$84,키워드지표!$B$2:$B$84,"지역명+진료과") -> 3410.6 | F5: =SUMIFS(키워드지표!$C$2:$C$84,키워드지표!$B$2:$B$84,"지역명+진료과") -> 3534.5 | G5: =IFERROR(E5/C5-1,"") -> -0.003
A6: 진료과 단독 (전국 관심도) | B6: 피부과 | C6: =IFERROR(INDEX(키워드지표!$D$2:$D$84,MATCH($B6,키워드지표!$A$2:$A$84,0)),"") -> 5621.8705 | D6: =IFERROR(INDEX(키워드지표!$E$2:$E$84,MATCH($B6,키워드지표!$A$2:$A$84,0)),"") -> 5419.9361 | E6: =IFERROR(INDEX(키워드지표!$F$2:$F$84,MATCH($B6,키워드지표!$A$2:$A$84,0)),"") -> 5141.5428 | F6: =IFERROR(INDEX(키워드지표!$C$2:$C$84,MATCH($B6,키워드지표!$A$2:$A$84,0)),"") -> 5394.4498 | G6: =IFERROR(E6/C6-1,"") -> -0.085439127
B7: 치과 | C7: =IFERROR(INDEX(키워드지표!$D$2:$D$84,MATCH($B7,키워드지표!$A$2:$A$84,0)),"") -> 3057.9526 | D7: =IFERROR(INDEX(키워드지표!$E$2:$E$84,MATCH($B7,키워드지표!$A$2:$A$84,0)),"") -> 2888.5998 | E7: =IFERROR(INDEX(키워드지표!$F$2:$F$84,MATCH($B7,키워드지표!$A$2:$A$84,0)),"") -> 2736.7111 | F7: =IFERROR(INDEX(키워드지표!$C$2:$C$84,MATCH($B7,키워드지표!$A$2:$A$84,0)),"") -> 2894.4212 | G7: =IFERROR(E7/C7-1,"") -> -0.10505117
B8: 한의원 | C8: =IFERROR(INDEX(키워드지표!$D$2:$D$84,MATCH($B8,키워드지표!$A$2:$A$84,0)),"") -> 2078.7572 | D8: =IFERROR(INDEX(키워드지표!$E$2:$E$84,MATCH($B8,키워드지표!$A$2:$A$84,0)),"") -> 1942.6768 | E8: =IFERROR(INDEX(키워드지표!$F$2:$F$84,MATCH($B8,키워드지표!$A$2:$A$84,0)),"") -> 1725.1484 | F8: =IFERROR(INDEX(키워드지표!$C$2:$C$84,MATCH($B8,키워드지표!$A$2:$A$84,0)),"") -> 1915.5274 | G8: =IFERROR(E8/C8-1,"") -> -0.1701059
B9: 내과 | C9: =IFERROR(INDEX(키워드지표!$D$2:$D$84,MATCH($B9,키워드지표!$A$2:$A$84,0)),"") -> 5743.4251 | D9: =IFERROR(INDEX(키워드지표!$E$2:$E$84,MATCH($B9,키워드지표!$A$2:$A$84,0)),"") -> 5022.889 | E9: =IFERROR(INDEX(키워드지표!$F$2:$F$84,MATCH($B9,키워드지표!$A$2:$A$84,0)),"") -> 4542.6269 | F9: =IFERROR(INDEX(키워드지표!$C$2:$C$84,MATCH($B9,키워드지표!$A$2:$A$84,0)),"") -> 5102.9803 | G9: =IFERROR(E9/C9-1,"") -> -0.20907354
B10: 정형외과 | C10: =IFERROR(INDEX(키워드지표!$D$2:$D$84,MATCH($B10,키워드지표!$A$2:$A$84,0)),"") -> 5716.0922 | D10: =IFERROR(INDEX(키워드지표!$E$2:$E$84,MATCH($B10,키워드지표!$A$2:$A$84,0)),"") -> 5321.4175 | E10: =IFERROR(INDEX(키워드지표!$F$2:$F$84,MATCH($B10,키워드지표!$A$2:$A$84,0)),"") -> 4887.9723 | F10: =IFERROR(INDEX(키워드지표!$C$2:$C$84,MATCH($B10,키워드지표!$A$2:$A$84,0)),"") -> 5308.494 | G10: =IFERROR(E10/C10-1,"") -> -0.14487518
B11: 안과 | C11: =IFERROR(INDEX(키워드지표!$D$2:$D$84,MATCH($B11,키워드지표!$A$2:$A$84,0)),"") -> 3707.5591 | D11: =IFERROR(INDEX(키워드지표!$E$2:$E$84,MATCH($B11,키워드지표!$A$2:$A$84,0)),"") -> 3502.5663 | E11: =IFERROR(INDEX(키워드지표!$F$2:$F$84,MATCH($B11,키워드지표!$A$2:$A$84,0)),"") -> 3312.5917 | F11: =IFERROR(INDEX(키워드지표!$C$2:$C$84,MATCH($B11,키워드지표!$A$2:$A$84,0)),"") -> 3507.5723 | G11: =IFERROR(E11/C11-1,"") -> -0.10653031
B12: 성형외과 | C12: =IFERROR(INDEX(키워드지표!$D$2:$D$84,MATCH($B12,키워드지표!$A$2:$A$84,0)),"") -> 438.04413 | D12: =IFERROR(INDEX(키워드지표!$E$2:$E$84,MATCH($B12,키워드지표!$A$2:$A$84,0)),"") -> 392.06005 | E12: =IFERROR(INDEX(키워드지표!$F$2:$F$84,MATCH($B12,키워드지표!$A$2:$A$84,0)),"") -> 347.49895 | F12: =IFERROR(INDEX(키워드지표!$C$2:$C$84,MATCH($B12,키워드지표!$A$2:$A$84,0)),"") -> 392.53438 | G12: =IFERROR(E12/C12-1,"") -> -0.20670332
B13: 병원 | C13: =IFERROR(INDEX(키워드지표!$D$2:$D$84,MATCH($B13,키워드지표!$A$2:$A$84,0)),"") -> 2513.6716 | D13: =IFERROR(INDEX(키워드지표!$E$2:$E$84,MATCH($B13,키워드지표!$A$2:$A$84,0)),"") -> 2108.7988 | E13: =IFERROR(INDEX(키워드지표!$F$2:$F$84,MATCH($B13,키워드지표!$A$2:$A$84,0)),"") -> 1831.3792 | F13: =IFERROR(INDEX(키워드지표!$C$2:$C$84,MATCH($B13,키워드지표!$A$2:$A$84,0)),"") -> 2151.2832 | G13: =IFERROR(E13/C13-1,"") -> -0.27143258
A14: 시술·질환 (치료 의향) | B14: 임플란트 | C14: =IFERROR(INDEX(키워드지표!$D$2:$D$84,MATCH($B14,키워드지표!$A$2:$A$84,0)),"") -> 443.06341 | D14: =IFERROR(INDEX(키워드지표!$E$2:$E$84,MATCH($B14,키워드지표!$A$2:$A$84,0)),"") -> 397.4916 | E14: =IFERROR(INDEX(키워드지표!$F$2:$F$84,MATCH($B14,키워드지표!$A$2:$A$84,0)),"") -> 288.30734 | F14: =IFERROR(INDEX(키워드지표!$C$2:$C$84,MATCH($B14,키워드지표!$A$2:$A$84,0)),"") -> 376.28745 | G14: =IFERROR(E14/C14-1,"") -> -0.34928651
B15: 라식 | C15: =IFERROR(INDEX(키워드지표!$D$2:$D$84,MATCH($B15,키워드지표!$A$2:$A$84,0)),"") -> 199.77617 | D15: =IFERROR(INDEX(키워드지표!$E$2:$E$84,MATCH($B15,키워드지표!$A$2:$A$84,0)),"") -> 166.62768 | E15: =IFERROR(INDEX(키워드지표!$F$2:$F$84,MATCH($B15,키워드지표!$A$2:$A$84,0)),"") -> 114.5915 | F15: =IFERROR(INDEX(키워드지표!$C$2:$C$84,MATCH($B15,키워드지표!$A$2:$A$84,0)),"") -> 160.33178 | G15: =IFERROR(E15/C15-1,"") -> -0.42640059
B16: 도수치료 | C16: =IFERROR(INDEX(키워드지표!$D$2:$D$84,MATCH($B16,키워드지표!$A$2:$A$84,0)),"") -> 598.73689 | D16: =IFERROR(INDEX(키워드지표!$E$2:$E$84,MATCH($B16,키워드지표!$A$2:$A$84,0)),"") -> 544.06334 | E16: =IFERROR(INDEX(키워드지표!$F$2:$F$84,MATCH($B16,키워드지표!$A$2:$A$84,0)),"") -> 593.42304 | F16: =IFERROR(INDEX(키워드지표!$C$2:$C$84,MATCH($B16,키워드지표!$A$2:$A$84,0)),"") -> 578.74109 | G16: =IFERROR(E16/C16-1,"") -> -0.0088750991
B17: 여드름치료 | C17: =IFERROR(INDEX(키워드지표!$D$2:$D$84,MATCH($B17,키워드지표!$A$2:$A$84,0)),"") -> 35.787571 | D17: =IFERROR(INDEX(키워드지표!$E$2:$E$84,MATCH($B17,키워드지표!$A$2:$A$84,0)),"") -> 34.817666 | E17: =IFERROR(INDEX(키워드지표!$F$2:$F$84,MATCH($B17,키워드지표!$A$2:$A$84,0)),"") -> 26.660915 | F17: =IFERROR(INDEX(키워드지표!$C$2:$C$84,MATCH($B17,키워드지표!$A$2:$A$84,0)),"") -> 32.422051 | G17: =IFERROR(E17/C17-1,"") -> -0.25502306
A18: 대조군 — 의료와 무관 | B18: 날씨 | C18: =IFERROR(INDEX(키워드지표!$D$2:$D$84,MATCH($B18,키워드지표!$A$2:$A$84,0)),"") -> 448466.6 | D18: =IFERROR(INDEX(키워드지표!$E$2:$E$84,MATCH($B18,키워드지표!$A$2:$A$84,0)),"") -> 435855.84 | E18: =IFERROR(INDEX(키워드지표!$F$2:$F$84,MATCH($B18,키워드지표!$A$2:$A$84,0)),"") -> 422933.86 | F18: =IFERROR(INDEX(키워드지표!$C$2:$C$84,MATCH($B18,키워드지표!$A$2:$A$84,0)),"") -> 435752.1 | G18: =IFERROR(E18/C18-1,"") -> -0.056933429
B19: 지하철 | C19: =IFERROR(INDEX(키워드지표!$D$2:$D$84,MATCH($B19,키워드지표!$A$2:$A$84,0)),"") -> 3560.285 | D19: =IFERROR(INDEX(키워드지표!$E$2:$E$84,MATCH($B19,키워드지표!$A$2:$A$84,0)),"") -> 3189.9563 | E19: =IFERROR(INDEX(키워드지표!$F$2:$F$84,MATCH($B19,키워드지표!$A$2:$A$84,0)),"") -> 2619.7068 | F19: =IFERROR(INDEX(키워드지표!$C$2:$C$84,MATCH($B19,키워드지표!$A$2:$A$84,0)),"") -> 3123.316 | G19: =IFERROR(E19/C19-1,"") -> -0.26418621
B20: 환율 | C20: =IFERROR(INDEX(키워드지표!$D$2:$D$84,MATCH($B20,키워드지표!$A$2:$A$84,0)),"") -> 124110.31 | D20: =IFERROR(INDEX(키워드지표!$E$2:$E$84,MATCH($B20,키워드지표!$A$2:$A$84,0)),"") -> 162777.16 | E20: =IFERROR(INDEX(키워드지표!$F$2:$F$84,MATCH($B20,키워드지표!$A$2:$A$84,0)),"") -> 220336.5 | F20: =IFERROR(INDEX(키워드지표!$C$2:$C$84,MATCH($B20,키워드지표!$A$2:$A$84,0)),"") -> 169074.66 | G20: =IFERROR(E20/C20-1,"") -> 0.77532792
B21: 로또 | C21: =IFERROR(INDEX(키워드지표!$D$2:$D$84,MATCH($B21,키워드지표!$A$2:$A$84,0)),"") -> 74365.464 | D21: =IFERROR(INDEX(키워드지표!$E$2:$E$84,MATCH($B21,키워드지표!$A$2:$A$84,0)),"") -> 149501.04 | E21: =IFERROR(INDEX(키워드지표!$F$2:$F$84,MATCH($B21,키워드지표!$A$2:$A$84,0)),"") -> 166396.99 | F21: =IFERROR(INDEX(키워드지표!$C$2:$C$84,MATCH($B21,키워드지표!$A$2:$A$84,0)),"") -> 130087.83 | G21: =IFERROR(E21/C21-1,"") -> 1.2375573
A24: 읽는 법
A25: ① 대조군은 일률적으로 내려가지 않았다(로또·환율 큰 폭 상승). 따라서 네이버 지수 전반의 하향 편향은 없고, 의료 키워드 하락은 실제 신호다.
A26: ② 시장 축소의 증거는 시술 키워드에 있다. 라식·임플란트는 지도앱으로 대체되지 않으므로 치료 의향 자체가 빠졌다고 읽는 편이 자연스럽다.
A27: ③ 그런데 지역명+진료과 총량은 거의 그대로다. 줄어든 게 아니라 자리가 바뀌었다 — 내과·한의원에서 피부과·성형외과로, 수도권에서 지방으로.
A28: ④ 대조군 안에서도 지하철·날씨가 내려간 것은 「검색창 → 앱」 이동 흔적이다. 「병원」 단독 검색의 낙폭이 이와 비슷한 점은 병원 찾기가 지도·플레이스로 옮겨갔을 가능성을 시사한다.
A30: 주의 — 도수치료는 실손보험 제도 이슈로 2026년 6월 지수가 100까지 튄 예외 계열이라 추세로 읽으면 안 된다. 시술 키워드 4개는 진료과 전체를 대표하지 않는다.
A31: 묶음끼리 절대 크기는 비교하지 말 것. 같은 행의 연차별 변화만 볼 것.

Sheet TOP3
A1: 진료과별 대표 키워드 상위 3개 (7대 특·광역시 안에서 · 도시 후보 수가 같아 진료과끼리 공정 비교)
A3: 진료과 | B3: 순위 | C3: 키워드 | D3: 1년차 2023.09–2024.08 | E3: 2년차 2024.09–2025.08 | F3: 3년차 2025.09–2026.08 | G3: 3년 평균 | H3: 3년 변화 | I3: 피크월
A4: 치과 | B4: 1 | C4: 대구치과 | D4: =IFERROR(INDEX(키워드지표!$D$2:$D$84,MATCH($C4,키워드지표!$A$2:$A$84,0)),"") -> 120.2 | E4: =IFERROR(INDEX(키워드지표!$E$2:$E$84,MATCH($C4,키워드지표!$A$2:$A$84,0)),"") -> 134.9 | F4: =IFERROR(INDEX(키워드지표!$F$2:$F$84,MATCH($C4,키워드지표!$A$2:$A$84,0)),"") -> 111.6 | G4: =IFERROR(INDEX(키워드지표!$C$2:$C$84,MATCH($C4,키워드지표!$A$2:$A$84,0)),"") -> 122.2 | H4: =IFERROR(F4/D4-1,"") -> -0.072 | I4: =IFERROR(INDEX(키워드지표!$J$2:$J$84,MATCH($C4,키워드지표!$A$2:$A$84,0)),"") -> 3
B5: 2 | C5: 대전치과 | D5: =IFERROR(INDEX(키워드지표!$D$2:$D$84,MATCH($C5,키워드지표!$A$2:$A$84,0)),"") -> 84.6 | E5: =IFERROR(INDEX(키워드지표!$E$2:$E$84,MATCH($C5,키워드지표!$A$2:$A$84,0)),"") -> 129.1 | F5: =IFERROR(INDEX(키워드지표!$F$2:$F$84,MATCH($C5,키워드지표!$A$2:$A$84,0)),"") -> 100.8 | G5: =IFERROR(INDEX(키워드지표!$C$2:$C$84,MATCH($C5,키워드지표!$A$2:$A$84,0)),"") -> 104.8 | H5: =IFERROR(F5/D5-1,"") -> 0.192 | I5: =IFERROR(INDEX(키워드지표!$J$2:$J$84,MATCH($C5,키워드지표!$A$2:$A$84,0)),"") -> 3
B6: 3 | C6: 부산치과 | D6: =IFERROR(INDEX(키워드지표!$D$2:$D$84,MATCH($C6,키워드지표!$A$2:$A$84,0)),"") -> 99.5 | E6: =IFERROR(INDEX(키워드지표!$E$2:$E$84,MATCH($C6,키워드지표!$A$2:$A$84,0)),"") -> 96.9 | F6: =IFERROR(INDEX(키워드지표!$F$2:$F$84,MATCH($C6,키워드지표!$A$2:$A$84,0)),"") -> 80 | G6: =IFERROR(INDEX(키워드지표!$C$2:$C$84,MATCH($C6,키워드지표!$A$2:$A$84,0)),"") -> 92.1 | H6: =IFERROR(F6/D6-1,"") -> -0.195 | I6: =IFERROR(INDEX(키워드지표!$J$2:$J$84,MATCH($C6,키워드지표!$A$2:$A$84,0)),"") -> 7
C7: 7대 도시 밖 참고 — 수원치과 155.8 · 강남치과 154.5 · 청주치과 149.1 · 천안치과 109.1 · 부평치과 106.5
A8: 한의원 | B8: 1 | C8: 인천한의원 | D8: =IFERROR(INDEX(키워드지표!$D$2:$D$84,MATCH($C8,키워드지표!$A$2:$A$84,0)),"") -> 89.2 | E8: =IFERROR(INDEX(키워드지표!$E$2:$E$84,MATCH($C8,키워드지표!$A$2:$A$84,0)),"") -> 46.3 | F8: =IFERROR(INDEX(키워드지표!$F$2:$F$84,MATCH($C8,키워드지표!$A$2:$A$84,0)),"") -> 42 | G8: =IFERROR(INDEX(키워드지표!$C$2:$C$84,MATCH($C8,키워드지표!$A$2:$A$84,0)),"") -> 59.2 | H8: =IFERROR(F8/D8-1,"") -> -0.529 | I8: =IFERROR(INDEX(키워드지표!$J$2:$J$84,MATCH($C8,키워드지표!$A$2:$A$84,0)),"") -> 11
B9: 2 | C9: 대구한의원 | D9: =IFERROR(INDEX(키워드지표!$D$2:$D$84,MATCH($C9,키워드지표!$A$2:$A$84,0)),"") -> 50.6 | E9: =IFERROR(INDEX(키워드지표!$E$2:$E$84,MATCH($C9,키워드지표!$A$2:$A$84,0)),"") -> 46.3 | F9: =IFERROR(INDEX(키워드지표!$F$2:$F$84,MATCH($C9,키워드지표!$A$2:$A$84,0)),"") -> 32.9 | G9: =IFERROR(INDEX(키워드지표!$C$2:$C$84,MATCH($C9,키워드지표!$A$2:$A$84,0)),"") -> 43.3 | H9: =IFERROR(F9/D9-1,"") -> -0.351 | I9: =IFERROR(INDEX(키워드지표!$J$2:$J$84,MATCH($C9,키워드지표!$A$2:$A$84,0)),"") -> 4
B10: 3 | C10: 부산한의원 | D10: =IFERROR(INDEX(키워드지표!$D$2:$D$84,MATCH($C10,키워드지표!$A$2:$A$84,0)),"") -> 58 | E10: =IFERROR(INDEX(키워드지표!$E$2:$E$84,MATCH($C10,키워드지표!$A$2:$A$84,0)),"") -> 28.8 | F10: =IFERROR(INDEX(키워드지표!$F$2:$F$84,MATCH($C10,키워드지표!$A$2:$A$84,0)),"") -> 37 | G10: =IFERROR(INDEX(키워드지표!$C$2:$C$84,MATCH($C10,키워드지표!$A$2:$A$84,0)),"") -> 41.3 | H10: =IFERROR(F10/D10-1,"") -> -0.361 | I10: =IFERROR(INDEX(키워드지표!$J$2:$J$84,MATCH($C10,키워드지표!$A$2:$A$84,0)),"") -> 10
A11: 피부과 | B11: 1 | C11: 대전피부과 | D11: =IFERROR(INDEX(키워드지표!$D$2:$D$84,MATCH($C11,키워드지표!$A$2:$A$84,0)),"") -> 174.5 | E11: =IFERROR(INDEX(키워드지표!$E$2:$E$84,MATCH($C11,키워드지표!$A$2:$A$84,0)),"") -> 300.9 | F11: =IFERROR(INDEX(키워드지표!$F$2:$F$84,MATCH($C11,키워드지표!$A$2:$A$84,0)),"") -> 226.1 | G11: =IFERROR(INDEX(키워드지표!$C$2:$C$84,MATCH($C11,키워드지표!$A$2:$A$84,0)),"") -> 233.8 | H11: =IFERROR(F11/D11-1,"") -> 0.296 | I11: =IFERROR(INDEX(키워드지표!$J$2:$J$84,MATCH($C11,키워드지표!$A$2:$A$84,0)),"") -> 4
B12: 2 | C12: 대구피부과 | D12: =IFERROR(INDEX(키워드지표!$D$2:$D$84,MATCH($C12,키워드지표!$A$2:$A$84,0)),"") -> 146 | E12: =IFERROR(INDEX(키워드지표!$E$2:$E$84,MATCH($C12,키워드지표!$A$2:$A$84,0)),"") -> 172.6 | F12: =IFERROR(INDEX(키워드지표!$F$2:$F$84,MATCH($C12,키워드지표!$A$2:$A$84,0)),"") -> 164.5 | G12: =IFERROR(INDEX(키워드지표!$C$2:$C$84,MATCH($C12,키워드지표!$A$2:$A$84,0)),"") -> 161 | H12: =IFERROR(F12/D12-1,"") -> 0.126 | I12: =IFERROR(INDEX(키워드지표!$J$2:$J$84,MATCH($C12,키워드지표!$A$2:$A$84,0)),"") -> 4
B13: 3 | C13: 광주피부과 | D13: =IFERROR(INDEX(키워드지표!$D$2:$D$84,MATCH($C13,키워드지표!$A$2:$A$84,0)),"") -> 126.8 | E13: =IFERROR(INDEX(키워드지표!$E$2:$E$84,MATCH($C13,키워드지표!$A$2:$A$84,0)),"") -> 131.1 | F13: =IFERROR(INDEX(키워드지표!$F$2:$F$84,MATCH($C13,키워드지표!$A$2:$A$84,0)),"") -> 161.1 | G13: =IFERROR(INDEX(키워드지표!$C$2:$C$84,MATCH($C13,키워드지표!$A$2:$A$84,0)),"") -> 139.7 | H13: =IFERROR(F13/D13-1,"") -> 0.271 | I13: =IFERROR(INDEX(키워드지표!$J$2:$J$84,MATCH($C13,키워드지표!$A$2:$A$84,0)),"") -> 2
C14: 7대 도시 밖 참고 — 서면피부과 219.4 · 강남피부과 215.2 · 수원피부과 194.2
A15: 정형외과 | B15: 1 | C15: 서울정형외과 | D15: =IFERROR(INDEX(키워드지표!$D$2:$D$84,MATCH($C15,키워드지표!$A$2:$A$84,0)),"") -> 186.1 | E15: =IFERROR(INDEX(키워드지표!$E$2:$E$84,MATCH($C15,키워드지표!$A$2:$A$84,0)),"") -> 179.8 | F15: =IFERROR(INDEX(키워드지표!$F$2:$F$84,MATCH($C15,키워드지표!$A$2:$A$84,0)),"") -> 164.5 | G15: =IFERROR(INDEX(키워드지표!$C$2:$C$84,MATCH($C15,키워드지표!$A$2:$A$84,0)),"") -> 176.8 | H15: =IFERROR(F15/D15-1,"") -> -0.116 | I15: =IFERROR(INDEX(키워드지표!$J$2:$J$84,MATCH($C15,키워드지표!$A$2:$A$84,0)),"") -> 5
B16: 2 | C16: 대전정형외과 | D16: =IFERROR(INDEX(키워드지표!$D$2:$D$84,MATCH($C16,키워드지표!$A$2:$A$84,0)),"") -> 67.6 | E16: =IFERROR(INDEX(키워드지표!$E$2:$E$84,MATCH($C16,키워드지표!$A$2:$A$84,0)),"") -> 80.1 | F16: =IFERROR(INDEX(키워드지표!$F$2:$F$84,MATCH($C16,키워드지표!$A$2:$A$84,0)),"") -> 81.3 | G16: =IFERROR(INDEX(키워드지표!$C$2:$C$84,MATCH($C16,키워드지표!$A$2:$A$84,0)),"") -> 76.4 | H16: =IFERROR(F16/D16-1,"") -> 0.203 | I16: =IFERROR(INDEX(키워드지표!$J$2:$J$84,MATCH($C16,키워드지표!$A$2:$A$84,0)),"") -> 4
B17: 3 | C17: 대구정형외과 | D17: =IFERROR(INDEX(키워드지표!$D$2:$D$84,MATCH($C17,키워드지표!$A$2:$A$84,0)),"") -> 51.3 | E17: =IFERROR(INDEX(키워드지표!$E$2:$E$84,MATCH($C17,키워드지표!$A$2:$A$84,0)),"") -> 76.6 | F17: =IFERROR(INDEX(키워드지표!$F$2:$F$84,MATCH($C17,키워드지표!$A$2:$A$84,0)),"") -> 67.6 | G17: =IFERROR(INDEX(키워드지표!$C$2:$C$84,MATCH($C17,키워드지표!$A$2:$A$84,0)),"") -> 65.2 | H17: =IFERROR(F17/D17-1,"") -> 0.316 | I17: =IFERROR(INDEX(키워드지표!$J$2:$J$84,MATCH($C17,키워드지표!$A$2:$A$84,0)),"") -> 6
A18: 안과 | B18: 1 | C18: 서울안과 | D18: =IFERROR(INDEX(키워드지표!$D$2:$D$84,MATCH($C18,키워드지표!$A$2:$A$84,0)),"") -> 231.1 | E18: =IFERROR(INDEX(키워드지표!$E$2:$E$84,MATCH($C18,키워드지표!$A$2:$A$84,0)),"") -> 215.8 | F18: =IFERROR(INDEX(키워드지표!$F$2:$F$84,MATCH($C18,키워드지표!$A$2:$A$84,0)),"") -> 196.6 | G18: =IFERROR(INDEX(키워드지표!$C$2:$C$84,MATCH($C18,키워드지표!$A$2:$A$84,0)),"") -> 214.5 | H18: =IFERROR(F18/D18-1,"") -> -0.15 | I18: =IFERROR(INDEX(키워드지표!$J$2:$J$84,MATCH($C18,키워드지표!$A$2:$A$84,0)),"") -> 8
B19: 2 | C19: 광주안과 | D19: =IFERROR(INDEX(키워드지표!$D$2:$D$84,MATCH($C19,키워드지표!$A$2:$A$84,0)),"") -> 129.6 | E19: =IFERROR(INDEX(키워드지표!$E$2:$E$84,MATCH($C19,키워드지표!$A$2:$A$84,0)),"") -> 134.5 | F19: =IFERROR(INDEX(키워드지표!$F$2:$F$84,MATCH($C19,키워드지표!$A$2:$A$84,0)),"") -> 132.1 | G19: =IFERROR(INDEX(키워드지표!$C$2:$C$84,MATCH($C19,키워드지표!$A$2:$A$84,0)),"") -> 132.1 | H19: =IFERROR(F19/D19-1,"") -> 0.019 | I19: =IFERROR(INDEX(키워드지표!$J$2:$J$84,MATCH($C19,키워드지표!$A$2:$A$84,0)),"") -> 1
B20: 3 | C20: 대구안과 | D20: =IFERROR(INDEX(키워드지표!$D$2:$D$84,MATCH($C20,키워드지표!$A$2:$A$84,0)),"") -> 68 | E20: =IFERROR(INDEX(키워드지표!$E$2:$E$84,MATCH($C20,키워드지표!$A$2:$A$84,0)),"") -> 66.8 | F20: =IFERROR(INDEX(키워드지표!$F$2:$F$84,MATCH($C20,키워드지표!$A$2:$A$84,0)),"") -> 64.7 | G20: =IFERROR(INDEX(키워드지표!$C$2:$C$84,MATCH($C20,키워드지표!$A$2:$A$84,0)),"") -> 66.5 | H20: =IFERROR(F20/D20-1,"") -> -0.049 | I20: =IFERROR(INDEX(키워드지표!$J$2:$J$84,MATCH($C20,키워드지표!$A$2:$A$84,0)),"") -> 8
A21: 내과 | B21: 1 | C21: 서울내과 | D21: =IFERROR(INDEX(키워드지표!$D$2:$D$84,MATCH($C21,키워드지표!$A$2:$A$84,0)),"") -> 88.7 | E21: =IFERROR(INDEX(키워드지표!$E$2:$E$84,MATCH($C21,키워드지표!$A$2:$A$84,0)),"") -> 75 | F21: =IFERROR(INDEX(키워드지표!$F$2:$F$84,MATCH($C21,키워드지표!$A$2:$A$84,0)),"") -> 65.5 | G21: =IFERROR(INDEX(키워드지표!$C$2:$C$84,MATCH($C21,키워드지표!$A$2:$A$84,0)),"") -> 76.4 | H21: =IFERROR(F21/D21-1,"") -> -0.261 | I21: =IFERROR(INDEX(키워드지표!$J$2:$J$84,MATCH($C21,키워드지표!$A$2:$A$84,0)),"") -> 12
B22: 2 | C22: 대전내과 | D22: =IFERROR(INDEX(키워드지표!$D$2:$D$84,MATCH($C22,키워드지표!$A$2:$A$84,0)),"") -> 38.6 | E22: =IFERROR(INDEX(키워드지표!$E$2:$E$84,MATCH($C22,키워드지표!$A$2:$A$84,0)),"") -> 32.3 | F22: =IFERROR(INDEX(키워드지표!$F$2:$F$84,MATCH($C22,키워드지표!$A$2:$A$84,0)),"") -> 28.2 | G22: =IFERROR(INDEX(키워드지표!$C$2:$C$84,MATCH($C22,키워드지표!$A$2:$A$84,0)),"") -> 33 | H22: =IFERROR(F22/D22-1,"") -> -0.27 | I22: =IFERROR(INDEX(키워드지표!$J$2:$J$84,MATCH($C22,키워드지표!$A$2:$A$84,0)),"") -> 10
B23: 3 | C23: 울산내과 | D23: =IFERROR(INDEX(키워드지표!$D$2:$D$84,MATCH($C23,키워드지표!$A$2:$A$84,0)),"") -> 33.9 | E23: =IFERROR(INDEX(키워드지표!$E$2:$E$84,MATCH($C23,키워드지표!$A$2:$A$84,0)),"") -> 26.5 | F23: =IFERROR(INDEX(키워드지표!$F$2:$F$84,MATCH($C23,키워드지표!$A$2:$A$84,0)),"") -> 23.1 | G23: =IFERROR(INDEX(키워드지표!$C$2:$C$84,MATCH($C23,키워드지표!$A$2:$A$84,0)),"") -> 27.8 | H23: =IFERROR(F23/D23-1,"") -> -0.319 | I23: =IFERROR(INDEX(키워드지표!$J$2:$J$84,MATCH($C23,키워드지표!$A$2:$A$84,0)),"") -> 1
A24: 성형외과 | B24: 1 | C24: 대구성형외과 | D24: =IFERROR(INDEX(키워드지표!$D$2:$D$84,MATCH($C24,키워드지표!$A$2:$A$84,0)),"") -> 92.1 | E24: =IFERROR(INDEX(키워드지표!$E$2:$E$84,MATCH($C24,키워드지표!$A$2:$A$84,0)),"") -> 137.9 | F24: =IFERROR(INDEX(키워드지표!$F$2:$F$84,MATCH($C24,키워드지표!$A$2:$A$84,0)),"") -> 126.4 | G24: =IFERROR(INDEX(키워드지표!$C$2:$C$84,MATCH($C24,키워드지표!$A$2:$A$84,0)),"") -> 118.8 | H24: =IFERROR(F24/D24-1,"") -> 0.373 | I24: =IFERROR(INDEX(키워드지표!$J$2:$J$84,MATCH($C24,키워드지표!$A$2:$A$84,0)),"") -> 3
B25: 2 | C25: 부산성형외과 | D25: =IFERROR(INDEX(키워드지표!$D$2:$D$84,MATCH($C25,키워드지표!$A$2:$A$84,0)),"") -> 53 | E25: =IFERROR(INDEX(키워드지표!$E$2:$E$84,MATCH($C25,키워드지표!$A$2:$A$84,0)),"") -> 83.6 | F25: =IFERROR(INDEX(키워드지표!$F$2:$F$84,MATCH($C25,키워드지표!$A$2:$A$84,0)),"") -> 96.6 | G25: =IFERROR(INDEX(키워드지표!$C$2:$C$84,MATCH($C25,키워드지표!$A$2:$A$84,0)),"") -> 77.7 | H25: =IFERROR(F25/D25-1,"") -> 0.822 | I25: =IFERROR(INDEX(키워드지표!$J$2:$J$84,MATCH($C25,키워드지표!$A$2:$A$84,0)),"") -> 7
B26: 3 | C26: 광주성형외과 | D26: =IFERROR(INDEX(키워드지표!$D$2:$D$84,MATCH($C26,키워드지표!$A$2:$A$84,0)),"") -> 56 | E26: =IFERROR(INDEX(키워드지표!$E$2:$E$84,MATCH($C26,키워드지표!$A$2:$A$84,0)),"") -> 49.3 | F26: =IFERROR(INDEX(키워드지표!$F$2:$F$84,MATCH($C26,키워드지표!$A$2:$A$84,0)),"") -> 63.8 | G26: =IFERROR(INDEX(키워드지표!$C$2:$C$84,MATCH($C26,키워드지표!$A$2:$A$84,0)),"") -> 56.4 | H26: =IFERROR(F26/D26-1,"") -> 0.139 | I26: =IFERROR(INDEX(키워드지표!$J$2:$J$84,MATCH($C26,키워드지표!$A$2:$A$84,0)),"") -> 12
A28: 순위는 7대 도시 안에서만 매겼다. 중소도시·상권 키워드는 수집 범위가 진료과마다 달라 순위에 넣지 않고 참고로만 적었다.

Sheet 매트릭스
A1: ① 수요 규모 — 3년 평균 지수 (서울피부과 36개월 평균 = 100)
A2: 진료과 | B2: 서울 | C2: 부산 | D2: 대구 | E2: 인천 | F2: 광주 | G2: 대전 | H2: 울산 | I2: 합계
A3: 치과 | B3: =IFERROR(INDEX(키워드지표!$C$2:$C$84,MATCH(B$2&$A3,키워드지표!$A$2:$A$84,0)),"") -> 86.9 | C3: =IFERROR(INDEX(키워드지표!$C$2:$C$84,MATCH(C$2&$A3,키워드지표!$A$2:$A$84,0)),"") -> 92.1 | D3: =IFERROR(INDEX(키워드지표!$C$2:$C$84,MATCH(D$2&$A3,키워드지표!$A$2:$A$84,0)),"") -> 122.2 | E3: =IFERROR(INDEX(키워드지표!$C$2:$C$84,MATCH(E$2&$A3,키워드지표!$A$2:$A$84,0)),"") -> 63.8 | F3: =IFERROR(INDEX(키워드지표!$C$2:$C$84,MATCH(F$2&$A3,키워드지표!$A$2:$A$84,0)),"") -> 67.6 | G3: =IFERROR(INDEX(키워드지표!$C$2:$C$84,MATCH(G$2&$A3,키워드지표!$A$2:$A$84,0)),"") -> 104.8 | H3: =IFERROR(INDEX(키워드지표!$C$2:$C$84,MATCH(H$2&$A3,키워드지표!$A$2:$A$84,0)),"") -> 90.6 | I3: =SUM(B3:H3) -> 628
A4: 한의원 | B4: =IFERROR(INDEX(키워드지표!$C$2:$C$84,MATCH(B$2&$A4,키워드지표!$A$2:$A$84,0)),"") -> 27.2 | C4: =IFERROR(INDEX(키워드지표!$C$2:$C$84,MATCH(C$2&$A4,키워드지표!$A$2:$A$84,0)),"") -> 41.3 | D4: =IFERROR(INDEX(키워드지표!$C$2:$C$84,MATCH(D$2&$A4,키워드지표!$A$2:$A$84,0)),"") -> 43.3 | E4: =IFERROR(INDEX(키워드지표!$C$2:$C$84,MATCH(E$2&$A4,키워드지표!$A$2:$A$84,0)),"") -> 59.2 | F4: =IFERROR(INDEX(키워드지표!$C$2:$C$84,MATCH(F$2&$A4,키워드지표!$A$2:$A$84,0)),"") -> 22.6 | G4: =IFERROR(INDEX(키워드지표!$C$2:$C$84,MATCH(G$2&$A4,키워드지표!$A$2:$A$84,0)),"") -> 39 | H4: =IFERROR(INDEX(키워드지표!$C$2:$C$84,MATCH(H$2&$A4,키워드지표!$A$2:$A$84,0)),"") -> 29.5 | I4: =SUM(B4:H4) -> 262
A5: 피부과 | B5: =IFERROR(INDEX(키워드지표!$C$2:$C$84,MATCH(B$2&$A5,키워드지표!$A$2:$A$84,0)),"") -> 100 | C5: =IFERROR(INDEX(키워드지표!$C$2:$C$84,MATCH(C$2&$A5,키워드지표!$A$2:$A$84,0)),"") -> 108.1 | D5: =IFERROR(INDEX(키워드지표!$C$2:$C$84,MATCH(D$2&$A5,키워드지표!$A$2:$A$84,0)),"") -> 161 | E5: =IFERROR(INDEX(키워드지표!$C$2:$C$84,MATCH(E$2&$A5,키워드지표!$A$2:$A$84,0)),"") -> 83.8 | F5: =IFERROR(INDEX(키워드지표!$C$2:$C$84,MATCH(F$2&$A5,키워드지표!$A$2:$A$84,0)),"") -> 139.7 | G5: =IFERROR(INDEX(키워드지표!$C$2:$C$84,MATCH(G$2&$A5,키워드지표!$A$2:$A$84,0)),"") -> 233.8 | H5: =IFERROR(INDEX(키워드지표!$C$2:$C$84,MATCH(H$2&$A5,키워드지표!$A$2:$A$84,0)),"") -> 135.8 | I5: =SUM(B5:H5) -> 962.2
A6: 정형외과 | B6: =IFERROR(INDEX(키워드지표!$C$2:$C$84,MATCH(B$2&$A6,키워드지표!$A$2:$A$84,0)),"") -> 176.8 | C6: =IFERROR(INDEX(키워드지표!$C$2:$C$84,MATCH(C$2&$A6,키워드지표!$A$2:$A$84,0)),"") -> 49.7 | D6: =IFERROR(INDEX(키워드지표!$C$2:$C$84,MATCH(D$2&$A6,키워드지표!$A$2:$A$84,0)),"") -> 65.2 | E6: =IFERROR(INDEX(키워드지표!$C$2:$C$84,MATCH(E$2&$A6,키워드지표!$A$2:$A$84,0)),"") -> 31.4 | F6: =IFERROR(INDEX(키워드지표!$C$2:$C$84,MATCH(F$2&$A6,키워드지표!$A$2:$A$84,0)),"") -> 46.6 | G6: =IFERROR(INDEX(키워드지표!$C$2:$C$84,MATCH(G$2&$A6,키워드지표!$A$2:$A$84,0)),"") -> 76.4 | H6: =IFERROR(INDEX(키워드지표!$C$2:$C$84,MATCH(H$2&$A6,키워드지표!$A$2:$A$84,0)),"") -> 45.5 | I6: =SUM(B6:H6) -> 491.5
A7: 안과 | B7: =IFERROR(INDEX(키워드지표!$C$2:$C$84,MATCH(B$2&$A7,키워드지표!$A$2:$A$84,0)),"") -> 214.5 | C7: =IFERROR(INDEX(키워드지표!$C$2:$C$84,MATCH(C$2&$A7,키워드지표!$A$2:$A$84,0)),"") -> 48.6 | D7: =IFERROR(INDEX(키워드지표!$C$2:$C$84,MATCH(D$2&$A7,키워드지표!$A$2:$A$84,0)),"") -> 66.5 | E7: =IFERROR(INDEX(키워드지표!$C$2:$C$84,MATCH(E$2&$A7,키워드지표!$A$2:$A$84,0)),"") -> 19.5 | F7: =IFERROR(INDEX(키워드지표!$C$2:$C$84,MATCH(F$2&$A7,키워드지표!$A$2:$A$84,0)),"") -> 132.1 | G7: =IFERROR(INDEX(키워드지표!$C$2:$C$84,MATCH(G$2&$A7,키워드지표!$A$2:$A$84,0)),"") -> 55 | H7: =IFERROR(INDEX(키워드지표!$C$2:$C$84,MATCH(H$2&$A7,키워드지표!$A$2:$A$84,0)),"") -> 42.9 | I7: =SUM(B7:H7) -> 578.9
A8: 내과 | B8: =IFERROR(INDEX(키워드지표!$C$2:$C$84,MATCH(B$2&$A8,키워드지표!$A$2:$A$84,0)),"") -> 76.4 | C8: =IFERROR(INDEX(키워드지표!$C$2:$C$84,MATCH(C$2&$A8,키워드지표!$A$2:$A$84,0)),"") -> 19.6 | D8: =IFERROR(INDEX(키워드지표!$C$2:$C$84,MATCH(D$2&$A8,키워드지표!$A$2:$A$84,0)),"") -> 22.9 | E8: =IFERROR(INDEX(키워드지표!$C$2:$C$84,MATCH(E$2&$A8,키워드지표!$A$2:$A$84,0)),"") -> 11.6 | F8: =IFERROR(INDEX(키워드지표!$C$2:$C$84,MATCH(F$2&$A8,키워드지표!$A$2:$A$84,0)),"") -> 18.7 | G8: =IFERROR(INDEX(키워드지표!$C$2:$C$84,MATCH(G$2&$A8,키워드지표!$A$2:$A$84,0)),"") -> 33 | H8: =IFERROR(INDEX(키워드지표!$C$2:$C$84,MATCH(H$2&$A8,키워드지표!$A$2:$A$84,0)),"") -> 27.8 | I8: =SUM(B8:H8) -> 210
A9: 성형외과 | B9: =IFERROR(INDEX(키워드지표!$C$2:$C$84,MATCH(B$2&$A9,키워드지표!$A$2:$A$84,0)),"") -> 31.6 | C9: =IFERROR(INDEX(키워드지표!$C$2:$C$84,MATCH(C$2&$A9,키워드지표!$A$2:$A$84,0)),"") -> 77.7 | D9: =IFERROR(INDEX(키워드지표!$C$2:$C$84,MATCH(D$2&$A9,키워드지표!$A$2:$A$84,0)),"") -> 118.8 | E9: =IFERROR(INDEX(키워드지표!$C$2:$C$84,MATCH(E$2&$A9,키워드지표!$A$2:$A$84,0)),"") -> 43.2 | F9: =IFERROR(INDEX(키워드지표!$C$2:$C$84,MATCH(F$2&$A9,키워드지표!$A$2:$A$84,0)),"") -> 56.4 | G9: =IFERROR(INDEX(키워드지표!$C$2:$C$84,MATCH(G$2&$A9,키워드지표!$A$2:$A$84,0)),"") -> 50.5 | H9: =IFERROR(INDEX(키워드지표!$C$2:$C$84,MATCH(H$2&$A9,키워드지표!$A$2:$A$84,0)),"") -> 23.7 | I9: =SUM(B9:H9) -> 401.9
A12: ② 3년 변화율 — 3년차 ÷ 1년차 − 1
A13: 진료과 | B13: 서울 | C13: 부산 | D13: 대구 | E13: 인천 | F13: 광주 | G13: 대전 | H13: 울산
A14: 치과 | B14: =IFERROR(INDEX(키워드지표!$F$2:$F$84,MATCH(B$13&$A14,키워드지표!$A$2:$A$84,0))/INDEX(키워드지표!$D$2:$D$84,MATCH(B$13&$A14,키워드지표!$A$2:$A$84,0))-1,"") -> -0.157 | C14: =IFERROR(INDEX(키워드지표!$F$2:$F$84,MATCH(C$13&$A14,키워드지표!$A$2:$A$84,0))/INDEX(키워드지표!$D$2:$D$84,MATCH(C$13&$A14,키워드지표!$A$2:$A$84,0))-1,"") -> -0.195 | D14: =IFERROR(INDEX(키워드지표!$F$2:$F$84,MATCH(D$13&$A14,키워드지표!$A$2:$A$84,0))/INDEX(키워드지표!$D$2:$D$84,MATCH(D$13&$A14,키워드지표!$A$2:$A$84,0))-1,"") -> -0.072 | E14: =IFERROR(INDEX(키워드지표!$F$2:$F$84,MATCH(E$13&$A14,키워드지표!$A$2:$A$84,0))/INDEX(키워드지표!$D$2:$D$84,MATCH(E$13&$A14,키워드지표!$A$2:$A$84,0))-1,"") -> -0.109 | F14: =IFERROR(INDEX(키워드지표!$F$2:$F$84,MATCH(F$13&$A14,키워드지표!$A$2:$A$84,0))/INDEX(키워드지표!$D$2:$D$84,MATCH(F$13&$A14,키워드지표!$A$2:$A$84,0))-1,"") -> -0.058 | G14: =IFERROR(INDEX(키워드지표!$F$2:$F$84,MATCH(G$13&$A14,키워드지표!$A$2:$A$84,0))/INDEX(키워드지표!$D$2:$D$84,MATCH(G$13&$A14,키워드지표!$A$2:$A$84,0))-1,"") -> 0.192 | H14: =IFERROR(INDEX(키워드지표!$F$2:$F$84,MATCH(H$13&$A14,키워드지표!$A$2:$A$84,0))/INDEX(키워드지표!$D$2:$D$84,MATCH(H$13&$A14,키워드지표!$A$2:$A$84,0))-1,"") -> -0.227
A15: 한의원 | B15: =IFERROR(INDEX(키워드지표!$F$2:$F$84,MATCH(B$13&$A15,키워드지표!$A$2:$A$84,0))/INDEX(키워드지표!$D$2:$D$84,MATCH(B$13&$A15,키워드지표!$A$2:$A$84,0))-1,"") -> -0.113 | C15: =IFERROR(INDEX(키워드지표!$F$2:$F$84,MATCH(C$13&$A15,키워드지표!$A$2:$A$84,0))/INDEX(키워드지표!$D$2:$D$84,MATCH(C$13&$A15,키워드지표!$A$2:$A$84,0))-1,"") -> -0.361 | D15: =IFERROR(INDEX(키워드지표!$F$2:$F$84,MATCH(D$13&$A15,키워드지표!$A$2:$A$84,0))/INDEX(키워드지표!$D$2:$D$84,MATCH(D$13&$A15,키워드지표!$A$2:$A$84,0))-1,"") -> -0.351 | E15: =IFERROR(INDEX(키워드지표!$F$2:$F$84,MATCH(E$13&$A15,키워드지표!$A$2:$A$84,0))/INDEX(키워드지표!$D$2:$D$84,MATCH(E$13&$A15,키워드지표!$A$2:$A$84,0))-1,"") -> -0.529 | F15: =IFERROR(INDEX(키워드지표!$F$2:$F$84,MATCH(F$13&$A15,키워드지표!$A$2:$A$84,0))/INDEX(키워드지표!$D$2:$D$84,MATCH(F$13&$A15,키워드지표!$A$2:$A$84,0))-1,"") -> 0.11 | G15: =IFERROR(INDEX(키워드지표!$F$2:$F$84,MATCH(G$13&$A15,키워드지표!$A$2:$A$84,0))/INDEX(키워드지표!$D$2:$D$84,MATCH(G$13&$A15,키워드지표!$A$2:$A$84,0))-1,"") -> 0.38 | H15: =IFERROR(INDEX(키워드지표!$F$2:$F$84,MATCH(H$13&$A15,키워드지표!$A$2:$A$84,0))/INDEX(키워드지표!$D$2:$D$84,MATCH(H$13&$A15,키워드지표!$A$2:$A$84,0))-1,"") -> -0.024
A16: 피부과 | B16: =IFERROR(INDEX(키워드지표!$F$2:$F$84,MATCH(B$13&$A16,키워드지표!$A$2:$A$84,0))/INDEX(키워드지표!$D$2:$D$84,MATCH(B$13&$A16,키워드지표!$A$2:$A$84,0))-1,"") -> -0.182 | C16: =IFERROR(INDEX(키워드지표!$F$2:$F$84,MATCH(C$13&$A16,키워드지표!$A$2:$A$84,0))/INDEX(키워드지표!$D$2:$D$84,MATCH(C$13&$A16,키워드지표!$A$2:$A$84,0))-1,"") -> 0.266 | D16: =IFERROR(INDEX(키워드지표!$F$2:$F$84,MATCH(D$13&$A16,키워드지표!$A$2:$A$84,0))/INDEX(키워드지표!$D$2:$D$84,MATCH(D$13&$A16,키워드지표!$A$2:$A$84,0))-1,"") -> 0.126 | E16: =IFERROR(INDEX(키워드지표!$F$2:$F$84,MATCH(E$13&$A16,키워드지표!$A$2:$A$84,0))/INDEX(키워드지표!$D$2:$D$84,MATCH(E$13&$A16,키워드지표!$A$2:$A$84,0))-1,"") -> -0.179 | F16: =IFERROR(INDEX(키워드지표!$F$2:$F$84,MATCH(F$13&$A16,키워드지표!$A$2:$A$84,0))/INDEX(키워드지표!$D$2:$D$84,MATCH(F$13&$A16,키워드지표!$A$2:$A$84,0))-1,"") -> 0.271 | G16: =IFERROR(INDEX(키워드지표!$F$2:$F$84,MATCH(G$13&$A16,키워드지표!$A$2:$A$84,0))/INDEX(키워드지표!$D$2:$D$84,MATCH(G$13&$A16,키워드지표!$A$2:$A$84,0))-1,"") -> 0.296 | H16: =IFERROR(INDEX(키워드지표!$F$2:$F$84,MATCH(H$13&$A16,키워드지표!$A$2:$A$84,0))/INDEX(키워드지표!$D$2:$D$84,MATCH(H$13&$A16,키워드지표!$A$2:$A$84,0))-1,"") -> 0.292
A17: 정형외과 | B17: =IFERROR(INDEX(키워드지표!$F$2:$F$84,MATCH(B$13&$A17,키워드지표!$A$2:$A$84,0))/INDEX(키워드지표!$D$2:$D$84,MATCH(B$13&$A17,키워드지표!$A$2:$A$84,0))-1,"") -> -0.116 | C17: =IFERROR(INDEX(키워드지표!$F$2:$F$84,MATCH(C$13&$A17,키워드지표!$A$2:$A$84,0))/INDEX(키워드지표!$D$2:$D$84,MATCH(C$13&$A17,키워드지표!$A$2:$A$84,0))-1,"") -> 0.242 | D17: =IFERROR(INDEX(키워드지표!$F$2:$F$84,MATCH(D$13&$A17,키워드지표!$A$2:$A$84,0))/INDEX(키워드지표!$D$2:$D$84,MATCH(D$13&$A17,키워드지표!$A$2:$A$84,0))-1,"") -> 0.316 | E17: =IFERROR(INDEX(키워드지표!$F$2:$F$84,MATCH(E$13&$A17,키워드지표!$A$2:$A$84,0))/INDEX(키워드지표!$D$2:$D$84,MATCH(E$13&$A17,키워드지표!$A$2:$A$84,0))-1,"") -> -0.188 | F17: =IFERROR(INDEX(키워드지표!$F$2:$F$84,MATCH(F$13&$A17,키워드지표!$A$2:$A$84,0))/INDEX(키워드지표!$D$2:$D$84,MATCH(F$13&$A17,키워드지표!$A$2:$A$84,0))-1,"") -> -0.023 | G17: =IFERROR(INDEX(키워드지표!$F$2:$F$84,MATCH(G$13&$A17,키워드지표!$A$2:$A$84,0))/INDEX(키워드지표!$D$2:$D$84,MATCH(G$13&$A17,키워드지표!$A$2:$A$84,0))-1,"") -> 0.203 | H17: =IFERROR(INDEX(키워드지표!$F$2:$F$84,MATCH(H$13&$A17,키워드지표!$A$2:$A$84,0))/INDEX(키워드지표!$D$2:$D$84,MATCH(H$13&$A17,키워드지표!$A$2:$A$84,0))-1,"") -> 0.161
A18: 안과 | B18: =IFERROR(INDEX(키워드지표!$F$2:$F$84,MATCH(B$13&$A18,키워드지표!$A$2:$A$84,0))/INDEX(키워드지표!$D$2:$D$84,MATCH(B$13&$A18,키워드지표!$A$2:$A$84,0))-1,"") -> -0.15 | C18: =IFERROR(INDEX(키워드지표!$F$2:$F$84,MATCH(C$13&$A18,키워드지표!$A$2:$A$84,0))/INDEX(키워드지표!$D$2:$D$84,MATCH(C$13&$A18,키워드지표!$A$2:$A$84,0))-1,"") -> 0.423 | D18: =IFERROR(INDEX(키워드지표!$F$2:$F$84,MATCH(D$13&$A18,키워드지표!$A$2:$A$84,0))/INDEX(키워드지표!$D$2:$D$84,MATCH(D$13&$A18,키워드지표!$A$2:$A$84,0))-1,"") -> -0.049 | E18: =IFERROR(INDEX(키워드지표!$F$2:$F$84,MATCH(E$13&$A18,키워드지표!$A$2:$A$84,0))/INDEX(키워드지표!$D$2:$D$84,MATCH(E$13&$A18,키워드지표!$A$2:$A$84,0))-1,"") -> -0.089 | F18: =IFERROR(INDEX(키워드지표!$F$2:$F$84,MATCH(F$13&$A18,키워드지표!$A$2:$A$84,0))/INDEX(키워드지표!$D$2:$D$84,MATCH(F$13&$A18,키워드지표!$A$2:$A$84,0))-1,"") -> 0.019 | G18: =IFERROR(INDEX(키워드지표!$F$2:$F$84,MATCH(G$13&$A18,키워드지표!$A$2:$A$84,0))/INDEX(키워드지표!$D$2:$D$84,MATCH(G$13&$A18,키워드지표!$A$2:$A$84,0))-1,"") -> -0.241 | H18: =IFERROR(INDEX(키워드지표!$F$2:$F$84,MATCH(H$13&$A18,키워드지표!$A$2:$A$84,0))/INDEX(키워드지표!$D$2:$D$84,MATCH(H$13&$A18,키워드지표!$A$2:$A$84,0))-1,"") -> 0.061
A19: 내과 | B19: =IFERROR(INDEX(키워드지표!$F$2:$F$84,MATCH(B$13&$A19,키워드지표!$A$2:$A$84,0))/INDEX(키워드지표!$D$2:$D$84,MATCH(B$13&$A19,키워드지표!$A$2:$A$84,0))-1,"") -> -0.261 | C19: =IFERROR(INDEX(키워드지표!$F$2:$F$84,MATCH(C$13&$A19,키워드지표!$A$2:$A$84,0))/INDEX(키워드지표!$D$2:$D$84,MATCH(C$13&$A19,키워드지표!$A$2:$A$84,0))-1,"") -> -0.231 | D19: =IFERROR(INDEX(키워드지표!$F$2:$F$84,MATCH(D$13&$A19,키워드지표!$A$2:$A$84,0))/INDEX(키워드지표!$D$2:$D$84,MATCH(D$13&$A19,키워드지표!$A$2:$A$84,0))-1,"") -> -0.192 | E19: =IFERROR(INDEX(키워드지표!$F$2:$F$84,MATCH(E$13&$A19,키워드지표!$A$2:$A$84,0))/INDEX(키워드지표!$D$2:$D$84,MATCH(E$13&$A19,키워드지표!$A$2:$A$84,0))-1,"") -> -0.115 | F19: =IFERROR(INDEX(키워드지표!$F$2:$F$84,MATCH(F$13&$A19,키워드지표!$A$2:$A$84,0))/INDEX(키워드지표!$D$2:$D$84,MATCH(F$13&$A19,키워드지표!$A$2:$A$84,0))-1,"") -> -0.134 | G19: =IFERROR(INDEX(키워드지표!$F$2:$F$84,MATCH(G$13&$A19,키워드지표!$A$2:$A$84,0))/INDEX(키워드지표!$D$2:$D$84,MATCH(G$13&$A19,키워드지표!$A$2:$A$84,0))-1,"") -> -0.27 | H19: =IFERROR(INDEX(키워드지표!$F$2:$F$84,MATCH(H$13&$A19,키워드지표!$A$2:$A$84,0))/INDEX(키워드지표!$D$2:$D$84,MATCH(H$13&$A19,키워드지표!$A$2:$A$84,0))-1,"") -> -0.319
A20: 성형외과 | B20: =IFERROR(INDEX(키워드지표!$F$2:$F$84,MATCH(B$13&$A20,키워드지표!$A$2:$A$84,0))/INDEX(키워드지표!$D$2:$D$84,MATCH(B$13&$A20,키워드지표!$A$2:$A$84,0))-1,"") -> -0.228 | C20: =IFERROR(INDEX(키워드지표!$F$2:$F$84,MATCH(C$13&$A20,키워드지표!$A$2:$A$84,0))/INDEX(키워드지표!$D$2:$D$84,MATCH(C$13&$A20,키워드지표!$A$2:$A$84,0))-1,"") -> 0.822 | D20: =IFERROR(INDEX(키워드지표!$F$2:$F$84,MATCH(D$13&$A20,키워드지표!$A$2:$A$84,0))/INDEX(키워드지표!$D$2:$D$84,MATCH(D$13&$A20,키워드지표!$A$2:$A$84,0))-1,"") -> 0.373 | E20: =IFERROR(INDEX(키워드지표!$F$2:$F$84,MATCH(E$13&$A20,키워드지표!$A$2:$A$84,0))/INDEX(키워드지표!$D$2:$D$84,MATCH(E$13&$A20,키워드지표!$A$2:$A$84,0))-1,"") -> -0.322 | F20: =IFERROR(INDEX(키워드지표!$F$2:$F$84,MATCH(F$13&$A20,키워드지표!$A$2:$A$84,0))/INDEX(키워드지표!$D$2:$D$84,MATCH(F$13&$A20,키워드지표!$A$2:$A$84,0))-1,"") -> 0.139 | G20: =IFERROR(INDEX(키워드지표!$F$2:$F$84,MATCH(G$13&$A20,키워드지표!$A$2:$A$84,0))/INDEX(키워드지표!$D$2:$D$84,MATCH(G$13&$A20,키워드지표!$A$2:$A$84,0))-1,"") -> 0.392 | H20: =IFERROR(INDEX(키워드지표!$F$2:$F$84,MATCH(H$13&$A20,키워드지표!$A$2:$A$84,0))/INDEX(키워드지표!$D$2:$D$84,MATCH(H$13&$A20,키워드지표!$A$2:$A$84,0))-1,"") -> -0.282
A21: 셀은 「지역명+진료과」 키워드를 그대로 조회한다(예: 대전 + 피부과 = 대전피부과).

Sheet 계절지수
A1: 진료과 × 월 계절지수 — 7대 도시 평균, 각 진료과의 연평균 = 100
A3: 진료과 | B3: 1월 | C3: 2월 | D3: 3월 | E3: 4월 | F3: 5월 | G3: 6월 | H3: 7월 | I3: 8월 | J3: 9월 | K3: 10월 | L3: 11월 | M3: 12월 | N3: 피크월 | O3: 비수기
A4: 치과 | B4: =AVERAGE(계절_월별!B2:B8) -> 94.9 | C4: =AVERAGE(계절_월별!C2:C8) -> 96.97 | D4: =AVERAGE(계절_월별!D2:D8) -> 122.85 | E4: =AVERAGE(계절_월별!E2:E8) -> 104.64 | F4: =AVERAGE(계절_월별!F2:F8) -> 101.86 | G4: =AVERAGE(계절_월별!G2:G8) -> 90.47 | H4: =AVERAGE(계절_월별!H2:H8) -> 111.82 | I4: =AVERAGE(계절_월별!I2:I8) -> 113.9 | ... M4: =AVERAGE(계절_월별!M2:M8) -> 94.63 | N4: =INDEX($B$3:$M$3,MATCH(MAX(B4:M4),B4:M4,0)) -> 3월 | O4: =INDEX($B$3:$M$3,MATCH(MIN(B4:M4),B4:M4,0)) -> 9월
A5: 한의원 | B5: =AVERAGE(계절_월별!B9:B15) -> 95.4 | C5: =AVERAGE(계절_월별!C9:C15) -> 101.21 | D5: =AVERAGE(계절_월별!D9:D15) -> 96.42 | E5: =AVERAGE(계절_월별!E9:E15) -> 100.04 | F5: =AVERAGE(계절_월별!F9:F15) -> 96.9 | G5: =AVERAGE(계절_월별!G9:G15) -> 96.17 | H5: =AVERAGE(계절_월별!H9:H15) -> 103.35 | I5: =AVERAGE(계절_월별!I9:I15) -> 109.32 | ... M5: =AVERAGE(계절_월별!M9:M15) -> 87.95 | N5: =INDEX($B$3:$M$3,MATCH(MAX(B5:M5),B5:M5,0)) -> 10월 | O5: =INDEX($B$3:$M$3,MATCH(MIN(B5:M5),B5:M5,0)) -> 12월
A6: 피부과 | B6: =AVERAGE(계절_월별!B16:B22) -> 99.64 | C6: =AVERAGE(계절_월별!C16:C22) -> 108.91 | D6: =AVERAGE(계절_월별!D16:D22) -> 116.9 | E6: =AVERAGE(계절_월별!E16:E22) -> 109.7 | F6: =AVERAGE(계절_월별!F16:F22) -> 102.77 | G6: =AVERAGE(계절_월별!G16:G22) -> 94.46 | H6: =AVERAGE(계절_월별!H16:H22) -> 111.46 | I6: =AVERAGE(계절_월별!I16:I22) -> 112.59 | ... M6: =AVERAGE(계절_월별!M16:M22) -> 79.79 | N6: =INDEX($B$3:$M$3,MATCH(MAX(B6:M6),B6:M6,0)) -> 3월 | O6: =INDEX($B$3:$M$3,MATCH(MIN(B6:M6),B6:M6,0)) -> 11월
A7: 정형외과 | B7: =AVERAGE(계절_월별!B23:B29) -> 94.03 | C7: =AVERAGE(계절_월별!C23:C29) -> 90.82 | D7: =AVERAGE(계절_월별!D23:D29) -> 112.79 | E7: =AVERAGE(계절_월별!E23:E29) -> 101.64 | F7: =AVERAGE(계절_월별!F23:F29) -> 107.85 | G7: =AVERAGE(계절_월별!G23:G29) -> 105.84 | H7: =AVERAGE(계절_월별!H23:H29) -> 99.11 | I7: =AVERAGE(계절_월별!I23:I29) -> 101.47 | ... M7: =AVERAGE(계절_월별!M23:M29) -> 94.29 | N7: =INDEX($B$3:$M$3,MATCH(MAX(B7:M7),B7:M7,0)) -> 3월 | O7: =INDEX($B$3:$M$3,MATCH(MIN(B7:M7),B7:M7,0)) -> 11월
A8: 안과 | B8: =AVERAGE(계절_월별!B30:B36) -> 100.21 | C8: =AVERAGE(계절_월별!C30:C36) -> 99.61 | D8: =AVERAGE(계절_월별!D30:D36) -> 106.47 | E8: =AVERAGE(계절_월별!E30:E36) -> 97.2 | F8: =AVERAGE(계절_월별!F30:F36) -> 106.69 | G8: =AVERAGE(계절_월별!G30:G36) -> 103.1 | H8: =AVERAGE(계절_월별!H30:H36) -> 118.48 | I8: =AVERAGE(계절_월별!I30:I36) -> 105.03 | ... M8: =AVERAGE(계절_월별!M30:M36) -> 89.12 | N8: =INDEX($B$3:$M$3,MATCH(MAX(B8:M8),B8:M8,0)) -> 7월 | O8: =INDEX($B$3:$M$3,MATCH(MIN(B8:M8),B8:M8,0)) -> 11월
A9: 내과 | B9: =AVERAGE(계절_월별!B37:B43) -> 120.05 | C9: =AVERAGE(계절_월별!C37:C43) -> 103.56 | D9: =AVERAGE(계절_월별!D37:D43) -> 93.62 | E9: =AVERAGE(계절_월별!E37:E43) -> 86.92 | F9: =AVERAGE(계절_월별!F37:F43) -> 98.46 | G9: =AVERAGE(계절_월별!G37:G43) -> 83.83 | H9: =AVERAGE(계절_월별!H37:H43) -> 84.77 | I9: =AVERAGE(계절_월별!I37:I43) -> 95.49 | ... M9: =AVERAGE(계절_월별!M37:M43) -> 118.08 | N9: =INDEX($B$3:$M$3,MATCH(MAX(B9:M9),B9:M9,0)) -> 1월 | O9: =INDEX($B$3:$M$3,MATCH(MIN(B9:M9),B9:M9,0)) -> 6월
A10: 성형외과 | B10: =AVERAGE(계절_월별!B44:B50) -> 116.87 | C10: =AVERAGE(계절_월별!C44:C50) -> 96.57 | D10: =AVERAGE(계절_월별!D44:D50) -> 95.98 | E10: =AVERAGE(계절_월별!E44:E50) -> 95.3 | F10: =AVERAGE(계절_월별!F44:F50) -> 95.38 | G10: =AVERAGE(계절_월별!G44:G50) -> 97.32 | H10: =AVERAGE(계절_월별!H44:H50) -> 102.68 | I10: =AVERAGE(계절_월별!I44:I50) -> 112.62 | ... M10: =AVERAGE(계절_월별!M44:M50) -> 104.6 | N10: =INDEX($B$3:$M$3,MATCH(MAX(B10:M10),B10:M10,0)) -> 1월 | O10: =INDEX($B$3:$M$3,MATCH(MIN(B10:M10),B10:M10,0)) -> 11월
A12: 100보다 크면 성수기. 각 도시의 계절지수를 먼저 구하고 7개 도시를 단순평균한 값이다(계절_월별 시트).

Sheet 원자료
A1: 요청 | B1: 키워드 | C1: 앵커 | D1: 2023-09 | E1: 2023-10 | F1: 2023-11 | G1: 2023-12 | H1: 2024-01 | I1: 2024-02 | J1: 2024-03 | K1: 2024-04 | L1: 2024-05 | M1: 2024-06 | N1: 2024-07 | O1: 2024-08 | P1: 2024-09 | Q1: 2024-10 | R1: 2024-11 | S1: 2024-12 | T1: 2025-01 | U1: 2025-02 | V1: 2025-03 | W1: 2025-04 | X1: 2025-05 | Y1: 2025-06 | Z1: 2025-07 | AA1: 2025-08 | AB1: 2025-09 | AC1: 2025-10 | AD1: 2025-11 | AE1: 2025-12 | AF1: 2026-01 | AG1: 2026-02 | AH1: 2026-03 | AI1: 2026-04 | AJ1: 2026-05 | AK1: 2026-06 | AL1: 2026-07 | AM1: 2026-08
A2: R0 | B2: 서울피부과 | C2: 앵커 | D2: 35.29348 | E2: 37.29908 | F2: 31.12442 | G2: 31.52267 | H2: 37.26679 | I2: 37.13404 | J2: 36.78243 | K2: 36.00387 | L2: 37.83008 | M2: 34.82706 | N2: 40.79721 | O2: 40.87256 | P2: 36.41647 | Q2: 34.29247 | R2: 30.75487 | S2: 31.24641 | T2: 38.0597 | U2: 34.40729 | V2: 34.3427 | W2: 32.83223 | X2: 35.18584 | Y2: 34.0198 | Z2: 37.06587 | AA2: 37.22014 | AB2: 31.6626 | AC2: 34.7266 | AD2: 26.04405 | AE2: 28.57347 | AF2: 30.85533 | AG2: 29.04707 | AH2: 28.42278 | AI2: 28.30797 | AJ2: 29.27669 | AK2: 28.49813 | AL2: 30.83022 | AM2: 30.81587
A3: R0 | B3: 대구피부과 | D3: 44.52855 | E3: 47.45622 | F3: 38.98894 | G3: 44.37069 | H3: 56.12442 | I3: 51.68986 | J3: 49.41159 | K3: 48.51822 | L3: 49.98564 | M3: 45.52956 | N3: 56.60519 | O3: 55.50731 | P3: 51.26291 | Q3: 50.58122 | R3: 48.42853 | S3: 48.03745 | T3: 57.41604 | U3: 55.73335 | V3: 68.58137 | W3: 100 | X3: 58.20536 | Y3: 57.56314 | Z3: 50.62787 | AA3: 49.60175 | AB3: 59.59385 | AC3: 63.28573 | AD3: 46.66331 | AE3: 48.50746 | AF3: 51.7078 | AG3: 57.34787 | AH3: 69.50703 | AI3: 52.27109 | AJ3: 49.92465 | AK3: 45.09543 | AL3: 59.4037 | AM3: 59.82347
A4: R0 | B4: 부산치과 | D4: 15.32003 | E4: 15.28774 | F4: 24.2609 | G4: 35.22172 | H4: 43.59931 | I4: 33.90858 | J4: 37.81931 | K4: 66.43943 | L4: 42.73464 | M4: 25.63504 | N4: 31.70206 | O4: 29.07577 | P4: 22.99081 | Q4: 17.28257 | R4: 19.29176 | S4: 28.125 | T4: 20.24253 | U4: 25.44489 | V4: 51.99124 | W4: 35.43699 | X4: 26.4423 | Y4: 20.32505 | Z4: 77.95995 | AA4: 45.36093 | AB4: 32.50215 | AC4: 21.5198 | AD4: 15.40973 | AE4: 19.7797 | AF4: 23.15226 | AG4: 22.54233 | AH4: 47.17996 | AI4: 18.2477 | AJ4: 17.61624 | AK4: 22.04004 | AL4: 44.62901 | AM4: 38.00947
A5: R1 | B5: 서울피부과 | C5: 앵커 | D5: 36.52532 | E5: 38.60092 | F5: 32.21075 | G5: 32.6229 | H5: 38.5675 | I5: 38.43012 | J5: 38.06624 | K5: 37.2605 | L5: 39.15045 | M5: 36.04262 | N5: 42.22114 | O5: 42.29912 | P5: 37.6875 | Q5: 35.48938 | R5: 31.8283 | S5: 32.33699 | T5: 39.38808 | U5: 35.60819 | V5: 35.54136 | W5: 33.97816 | X5: 36.41393 | Y5: 35.20718 | Z5: 38.35957 | AA5: 38.51923 | AB5: 32.76771 | AC5: 35.93866 | AD5: 26.95306 | AE5: 29.57077 | AF5: 31.93227 | AG5: 30.06089 | AH5: 29.41482 | AI5: 29.296 | AJ5: 30.29852 | AK5: 29.49279 | AL5: 31.90628 | AM5: 31.89143
A6: R1 | B6: 서울치과 | D6: 29.64131 | E6: 33.22441 | F6: 31.0597 | G6: 33.23184 | H6: 36.42878 | I6: 33.77766 | J6: 32.18104 | K6: 31.97683 | L6: 34.83959 | M6: 30.36907 | N6: 33.76652 | O6: 33.92247 | P6: 28.31204 | Q6: 28.49769 | R6: 30.95202 | S6: 31.92113 | T6: 32.60062 | U6: 32.60433 | V6: 32.74171 | W6: 28.3566 | X6: 29.1809 | Y6: 27.16099 | Z6: 30.03861 | AA6: 28.65735 | AB6: 25.59408 | AC6: 26.60775 | AD6: 24.11629 | AE6: 30.53616 | AF6: 31.46071 | AG6: 27.38378 | AH6: 28.16723 | AI6: 25.24506 | AJ6: 27.86647 | AK6: 26.61146 | AL6: 28.64622 | AM6: 30.25025
A7: R1 | B7: 서울성형외과 | D7: 11.2654 | E7: 12.30877 | F7: 12.43873 | G7: 14.17273 | H7: 16.31145 | I7: 11.76295 | J7: 12.3162 | K7: 12.22709 | L7: 10.32229 | M7: 10.30001 | N7: 11.00549 | O7: 11.33224 | P7: 10.54878 | Q7: 10.5525 | R7: 12.39046 | S7: 14.37694 | T7: 15.89187 | U7: 12.63181 | V7: 11.03148 | W7: 10.10322 | X7: 9.57225 | Y7: 9.36803 | Z7: 10.44853 | AA7: 10.30744 | AB7: 9.62795 | AC7: 10.4114 | AD7: 10.83098 | AE7: 11.95232 | AF7: 13.56007 | AG7: 9.56482 | AH7: 9.08955 | AI7: 8.28382 | AJ7: 7.66003 | AK7: 6.90999 | AL7: 7.40011 | AM7: 7.23674
A8: R1 | B8: 서울안과 | D8: 74.90717 | E8: 77.91474 | F8: 65.47601 | G8: 68.98485 | H8: 76.14733 | I8: 79.51136 | J8: 78.50512 | K8: 86.49933 | L8: 87.65037 | M8: 79.78984 | N8: 89.15416 | O8: 100 | P8: 80.81464 | Q8: 71.58398 | R8: 64.28412 | S8: 66.5268 | T8: 72.76102 | U8: 75.53096 | V8: 74.90717 | W8: 76.86766 | X8: 80.54359 | Y8: 72.71647 | Z8: 80.65498 | AA8: 83.45462 | AB8: 69.50096 | AC8: 70.44036 | AD8: 56.68349 | AE8: 62.57611 | AF8: 69.7386 | AG8: 66.7236 | AH8: 64.88563 | AI8: 71.2758 | AJ8: 69.10738 | AK8: 67.12832 | AL8: 73.53705 | AM8: 78.62022
A9: R1 | B9: 서울정형외과 | D9: 62.36818 | E9: 69.27818 | F9: 59.25293 | G9: 64.09847 | H9: 62.31249 | I9: 55.92603 | J9: 61.59215 | K9: 63.19991 | L9: 73.78583 | M9: 67.7484 | N9: 68.59126 | O9: 68.30536 | P9: 65.81018 | Q9: 67.74097 | R9: 60.41511 | S9: 57.51522 | T9: 60.5525 | U9: 54.87524 | V9: 60.60077 | W9: 57.70087 | X9: 67.53675 | Y9: 66.4117 | Z9: 63.88311 | AA9: 67.22114 | AB9: 61.72954 | AC9: 65.40546 | AD9: 52.48774 | AE9: 57.73058 | AF9: 52.72538 | AG9: 48.87123 | AH9: 54.68216 | AI9: 54.09178 | AJ9: 61.69241 | AK9: 59.46086 | AL9: 59.06356 | AM9: 58.71082
A10: R2 | B10: 서울피부과 | C10: 앵커 | D10: 31.00806 | E10: 32.77014 | F10: 27.34522 | G10: 27.69512 | H10: 32.74177 | I10: 32.62514 | J10: 32.31622 | K10: 31.6322 | L10: 33.23666 | M10: 30.59828 | N10: 35.84352 | O10: 35.90972 | P10: 31.9947 | Q10: 30.1286 | R10: 27.02055 | S10: 27.4524 | T10: 33.4384 | U10: 30.22947 | V10: 30.17273 | W10: 28.84566 | X10: 30.9135 | Y10: 29.88904 | Z10: 32.56525 | AA10: 32.70079 | AB10: 27.81805 | AC10: 30.51002 | AD10: 22.88172 | AE10: 25.10402 | AF10: 27.10881 | AG10: 25.52011 | AH10: 24.97163 | AI10: 24.87076 | AJ10: 25.72185 | AK10: 25.03782 | AL10: 27.08674 | AM10: 27.07413
A11: R2 | B11: 서울한의원 | D11: 8.03177 | E11: 8.9396 | F11: 7.40764 | G11: 7.71655 | H11: 8.60547 | I11: 8.7284 | J11: 8.0034 | K11: 8.20829 | L11: 9.61102 | M11: 7.97503 | N11: 8.93014 | O11: 9.56373 | P11: 8.83558 | Q11: 8.35329 | R11: 7.17437 | S11: 7.01361 | T11: 8.24297 | U11: 7.40764 | V11: 8.42894 | W11: 7.43601 | X11: 8.73786 | Y11: 8.78829 | Z11: 8.23036 | AA11: 8.85134 | AB11: 8.11688 | AC11: 8.5834 | AD11: 6.64165 | AE11: 6.51557 | AF11: 7.61253 | AG11: 7.06405 | AH11: 6.77089 | AI11: 7.11763 | AJ11: 8.00025 | AK11: 7.4959 | AL11: 8.31231 | AM11: 8.04438
A12: R2 | B12: 서울산부인과 | D12: 8.06014 | E12: 7.54948 | F12: 7.4234 | G12: 7.32253 | H12: 7.78905 | I12: 7.80481 | J12: 6.83709 | K12: 7.73546 | L12: 7.60307 | M12: 7.4959 | N12: 7.76383 | O12: 8.75677 | P12: 7.95927 | Q12: 7.36981 | R12: 7.50535 | S12: 7.02622 | T12: 7.48644 | U12: 6.38948 | V12: 9.57004 | W12: 7.05459 | X12: 6.65742 | Y12: 5.74959 | Z12: 6.37687 | AA12: 6.76774 | AB12: 6.01122 | AC12: 7.07666 | AD12: 5.53208 | AE12: 5.93556 | AF12: 5.6298 | AG12: 6.09317 | AH12: 5.86622 | AI12: 5.73698 | AJ12: 6.16567 | AK12: 6.28546 | AL12: 6.42415 | AM12: 6.96318
A13: R2 | B13: 서울이비인후과 | D13: 70.90846 | E13: 94.08964 | F13: 87.77581 | G13: 100 | H13: 82.64405 | I13: 68.72399 | J13: 73.24423 | K13: 74.76043 | L13: 73.73282 | M13: 56.80872 | N13: 64.90984 | O13: 78.42642 | P13: 62.48896 | Q13: 71.29302 | R13: 67.52616 | S13: 82.62829 | T13: 88.9106 | U13: 49.69423 | V13: 66.48278 | W13: 65.93746 | X13: 59.95776 | Y13: 44.58454 | Z13: 43.63573 | AA13: 47.40259 | AB13: 52.06783 | AC13: 65.348 | AD13: 66.56159 | AE13: 56.276 | AF13: 57.21535 | AG13: 54.00958 | AH13: 59.48493 | AI13: 63.80027 | AJ13: 54.06316 | AK13: 41.38507 | AL13: 43.32997 | AM13: 44.91867
A14: R2 | B14: 서울비뇨기과 | D14: 11.39831 | E14: 12.30614 | F14: 10.53145 | G14: 11.01689 | H14: 12.68125 | I14: 11.85537 | J14: 10.49993 | K14: 10.90026 | L14: 11.06733 | M14: 10.28874 | N14: 11.55276 | O14: 11.69461 | P14: 11.71983 | Q14: 11.32581 | R14: 9.76862 | S14: 10.30765 | T14: 11.65048 | U14: 10.83722 | V14: 9.70558 | W14: 9.54482 | X14: 9.75602 | Y14: 8.36905 | Z14: 8.05383 | AA14: 7.73862 | AB14: 6.97894 | AC14: 7.46438 | AD14: 6.15622 | AE14: 6.9947 | AF14: 8.04753 | AG14: 6.65111 | AH14: 6.04589 | AI14: 6.20665 | AJ14: 6.07741 | AK14: 5.77795 | AL14: 6.55655 | AM14: 6.87807
A15: R3 | B15: 서울피부과 | C15: 앵커 | D15: 20.05259 | E15: 21.1921 | F15: 17.68387 | G15: 17.91014 | H15: 21.17376 | I15: 21.09833 | J15: 20.89856 | K15: 20.45621 | L15: 21.4938 | M15: 19.78758 | N15: 23.17963 | O15: 23.22243 | P15: 20.69063 | Q15: 19.48385 | R15: 17.4739 | S15: 17.75318 | T15: 21.62426 | U15: 19.54908 | V15: 19.51239 | W15: 18.65419 | X15: 19.99143 | Y15: 19.32893 | Z15: 21.0596 | AA15: 21.14726 | AB15: 17.98964 | AC15: 19.73051 | AD15: 14.79737 | AE15: 16.2345 | AF15: 17.53098 | AG15: 16.50358 | AH15: 16.14889 | AI15: 16.08365 | AJ15: 16.63405 | AK15: 16.19169 | AL15: 17.51671 | AM15: 17.50856
A16: R3 | B16: 부산피부과 | D16: 12.95865 | E16: 13.19716 | F16: 10.82436 | G16: 12.32061 | H16: 15.60257 | I16: 19.15565 | J16: 17.57175 | K16: 15.38038 | L16: 14.81979 | M16: 12.82819 | N16: 23.08789 | O16: 30.61399 | P16: 16.12646 | Q16: 12.90769 | R16: 12.11472 | S16: 14.53848 | T16: 22.05642 | U16: 29.91275 | V16: 51.07224 | W16: 30.51614 | X16: 19.72031 | Y16: 26.40451 | Z16: 31.00742 | AA16: 26.87336 | AB16: 28.1515 | AC16: 37.52853 | AD16: 18.08341 | AE16: 16.03677 | AF16: 20.96787 | AG16: 21.51214 | AH16: 27.30552 | AI16: 14.71991 | AJ16: 17.32713 | AK16: 16.11627 | AL16: 18.59915 | AM16: 14.78514
A17: R3 | B17: 인천피부과 | D17: 10.90998 | E17: 11.07509 | F17: 10.02323 | G17: 12.6325 | H17: 14.00236 | I17: 18.90492 | J17: 18.80911 | K17: 33.32925 | L17: 14.83406 | M17: 12.70588 | N17: 25.34654 | O17: 16.36904 | P17: 11.82933 | Q17: 13.189 | R17: 13.29908 | S17: 12.60803 | T17: 16.32827 | U17: 18.62157 | V17: 16.66666 | W17: 21.30014 | X17: 28.43892 | Y17: 16.84605 | Z17: 22.07884 | AA17: 22.45189 | AB17: 14.38967 | AC17: 17.93868 | AD17: 12.08414 | AE17: 14.08594 | AF17: 16.21616 | AG17: 14.25106 | AH17: 16.38943 | AI17: 12.37565 | AJ17: 13.35004 | AK17: 11.31156 | AL17: 10.61439 | AM17: 10.22708
A18: R3 | B18: 광주피부과 | D18: 30.55487 | E18: 19.55724 | F18: 15.96542 | G18: 20.63356 | H18: 24.27429 | I18: 39.93803 | J18: 22.98801 | K18: 19.95882 | L18: 26.3882 | M18: 24.1581 | N18: 23.41609 | O18: 22.55177 | P18: 21.54476 | Q18: 19.23312 | R18: 17.09474 | S18: 18.24853 | T18: 24.33749 | U18: 31.70662 | V18: 28.8405 | W18: 19.68158 | X18: 33.10502 | Y18: 30.17367 | Z18: 25.48515 | AA18: 30.84841 | AB18: 22.26435 | AC18: 26.80406 | AD18: 21.61611 | AE18: 24.11529 | AF18: 27.62149 | AG18: 27.16079 | AH18: 33.68599 | AI18: 29.81898 | AJ18: 30.60176 | AK18: 34.3913 | AL18: 49.77372 | AM18: 41.26304
A19: R3 | B19: 대전피부과 | D19: 28.19634 | E19: 28.6815 | F19: 24.82876 | G19: 26.2924 | H19: 29.91479 | I19: 34.71746 | J19: 37.31857 | K19: 30.38772 | L19: 31.73312 | M19: 30.84434 | N19: 33.02144 | O19: 63.75978 | P19: 49.14995 | Q19: 38.61709 | R19: 34.65427 | S19: 32.69121 | T19: 66.64832 | U19: 58.75122 | V19: 85.24951 | W19: 100 | X19: 63.50497 | Y19: 63.90859 | Z19: 48.86048 | AA19: 47.40296 | AB19: 54.69871 | AC19: 64.44267 | AD19: 33.17433 | AE19: 33.67376 | AF19: 37.0291 | AG19: 45.37671 | AH19: 42.31082 | AI19: 35.78563 | AJ19: 43.71738 | AK19: 35.9059 | AL19: 45.38282 | AM19: 46.43264
A20: R4 | B20: 서울피부과 | C20: 앵커 | D20: 25.17208 | E20: 26.60252 | F20: 22.19862 | G20: 22.48266 | H20: 26.57949 | I20: 26.48481 | J20: 26.23403 | K20: 25.67875 | L20: 26.98124 | M20: 24.83942 | N20: 29.09746 | O20: 29.1512 | P20: 25.97302 | Q20: 24.45814 | R20: 21.93505 | S20: 22.28562 | T20: 27.14501 | U20: 24.54003 | V20: 24.49397 | W20: 23.41666 | X20: 25.09531 | Y20: 24.26367 | Z20: 26.43619 | AA20: 26.54622 | AB20: 22.58246 | AC20: 24.76777 | AD20: 18.57519 | AE20: 20.37923 | AF20: 22.0067 | AG20: 20.717 | AH20: 20.27175 | AI20: 20.18987 | AJ20: 20.88077 | AK20: 20.32549 | AL20: 21.98879 | AM20: 21.97855
A21: R4 | B21: 울산피부과 | D21: 21.64333 | E21: 24.04616 | F21: 20.55835 | G21: 22.63363 | H21: 26.19821 | I21: 24.92643 | J21: 33.25827 | K21: 32.48036 | L21: 32.31914 | M21: 24.77033 | N21: 28.41167 | O21: 35.70715 | P21: 35.25166 | Q21: 28.28885 | R21: 23.54205 | S21: 25.26932 | T21: 36.88937 | U21: 49.31804 | V21: 40.0087 | W21: 35.65853 | X21: 33.31968 | Y21: 33.43483 | Z21: 43.6398 | AA21: 37.5854 | AB21: 41.8025 | AC21: 34.77059 | AD21: 27.24992 | AE21: 32.02743 | AF21: 38.02809 | AG21: 35.02136 | AH21: 35.00857 | AI21: 28.88252 | AJ21: 34.24601 | AK21: 29.96494 | AL21: 38.23281 | AM21: 47.25044
A22: R4 | B22: 수원피부과 | D22: 22.92023 | E22: 24.26622 | F22: 22.87673 | G22: 31.52332 | H22: 32.44453 | I22: 30.79915 | J22: 31.10877 | K22: 31.50029 | L22: 37.68776 | M22: 32.72089 | N22: 33.79308 | O22: 47.09178 | P22: 32.03254 | Q22: 30.25921 | R22: 27.99457 | S22: 33.16615 | T22: 53.62982 | U22: 100 | V22: 46.46485 | W22: 33.84426 | X22: 66.14294 | Y22: 83.61268 | Z22: 78.38992 | AA22: 59.39763 | AB22: 70.44448 | AC22: 75.76447 | AD22: 52.074 | AE22: 40.8429 | AF22: 40.5563 | AG22: 33.85449 | AH22: 43.42229 | AI22: 35.01624 | AJ22: 53.27157 | AK22: 47.59845 | AL22: 77.09767 | AM22: 81.76002
A23: R4 | B23: 창원피부과 | D23: 22.42636 | E23: 23.34757 | F23: 20.09519 | G23: 22.15256 | H23: 27.2141 | I23: 26.65114 | J23: 24.65518 | K23: 32.72601 | L23: 60.38281 | M23: 54.74807 | N23: 26.67673 | O23: 26.02164 | P23: 24.72427 | Q23: 23.18892 | R23: 22.02205 | S23: 24.35323 | T23: 32.32682 | U23: 27.99457 | V23: 49.02377 | W23: 30.04171 | X23: 41.933 | Y23: 42.44223 | Z23: 36.78702 | AA23: 59.05473 | AB23: 34.11039 | AC23: 33.31968 | AD23: 25.60454 | AE23: 35.99375 | AF23: 32.12978 | AG23: 26.99659 | AH23: 31.22393 | AI23: 28.35538 | AJ23: 29.56575 | AK23: 23.63673 | AL23: 44.86041 | AM23: 36.91752
A24: R4 | B24: 제주피부과 | D24: 8.18086 | E24: 9.19675 | F24: 7.98894 | G24: 8.78732 | H24: 10.62207 | I24: 9.95419 | J24: 10.3457 | K24: 10.2587 | L24: 11.20038 | M24: 11.09803 | N24: 11.22086 | O24: 10.402 | P24: 9.55756 | Q24: 8.35742 | R24: 7.82773 | S24: 8.34463 | T24: 15.60428 | U24: 12.94557 | V24: 17.83566 | W24: 15.59661 | X24: 12.82018 | Y24: 15.90624 | Z24: 16.30287 | AA24: 15.43284 | AB24: 19.40172 | AC24: 12.87136 | AD24: 13.15028 | AE24: 16.18004 | AF24: 14.6191 | AG24: 10.0156 | AH24: 13.53412 | AI24: 11.33089 | AJ24: 12.17533 | AK24: 13.10422 | AL24: 12.1958 | AM24: 11.13641
A25: R5 | B25: 서울피부과 | C25: 앵커 | D25: 42.29876 | E25: 44.70244 | F25: 37.3022 | G25: 37.77949 | H25: 44.66374 | I25: 44.50464 | J25: 44.08324 | K25: 43.15015 | L25: 45.33883 | M25: 41.73976 | N25: 48.8949 | O25: 48.9852 | P25: 43.64465 | Q25: 41.09907 | R25: 36.8593 | S25: 37.4484 | T25: 45.61403 | U25: 41.23667 | V25: 41.15927 | W25: 39.34898 | X25: 42.16976 | Y25: 40.77227 | Z25: 44.42294 | AA25: 44.60784 | AB25: 37.94719 | AC25: 41.61936 | AD25: 31.21345 | AE25: 34.24492 | AF25: 36.9797 | AG25: 34.81252 | AH25: 34.06432 | AI25: 33.92672 | AJ25: 35.08771 | AK25: 34.15462 | AL25: 36.9496 | AM25: 36.9324
A26: R5 | B26: 대구치과 | D26: 52.58857 | E26: 78.74957 | F26: 95.53233 | G26: 59.12022 | H26: 38.78998 | I26: 60.75421 | J26: 56.04575 | K26: 40.12297 | L26: 27.31768 | M26: 20.82903 | N26: 18.70485 | O26: 32.35294 | P26: 30.41365 | Q26: 27.64017 | R26: 26.04059 | S26: 32.03044 | T26: 44.29824 | U26: 32.30564 | V26: 86.9066 | W26: 82.60663 | X26: 69.36704 | Y26: 100 | Z26: 62.96439 | AA26: 57.12504 | AB26: 64.31028 | AC26: 75.23649 | AD26: 23.39181 | AE26: 32.40024 | AF26: 27.66167 | AG26: 30.56845 | AH26: 65.49277 | AI26: 19.68094 | AJ26: 34.35242 | AK26: 32.03904 | AL26: 64.08668 | AM26: 70.04643
A27: R5 | B27: 인천치과 | D27: 23.22411 | E27: 32.99363 | F27: 34.54162 | G27: 31.20055 | H27: 22.76831 | I27: 25.95029 | J27: 19.83574 | K27: 25.40419 | L27: 31.55314 | M27: 22.73391 | N27: 22.42862 | O27: 21.49552 | P27: 16.62366 | Q27: 22.35982 | R27: 22.99621 | S27: 26.51358 | T27: 24.3378 | U27: 32.85603 | V27: 30.41795 | W27: 21.30632 | X27: 26.71138 | Y27: 34.92432 | Z27: 43.55005 | AA27: 28.14757 | AB27: 28.64207 | AC27: 22.58771 | AD27: 20.76453 | AE27: 32.69693 | AF27: 35.41021 | AG27: 14.39628 | AH27: 15.30787 | AI27: 13.51909 | AJ27: 18.88114 | AK27: 19.53474 | AL27: 24.5528 | AM27: 33.45803
A28: R5 | B28: 광주치과 | D28: 16.16787 | E28: 16.76556 | F28: 19.99484 | G28: 21.21603 | H28: 23.06071 | I28: 34.12022 | J28: 28.10027 | K28: 20.13673 | L28: 20.12383 | M28: 19.17354 | N28: 21.65892 | O28: 82.83883 | P28: 26.74148 | Q28: 25.70519 | R28: 23.8132 | S28: 25.87289 | T28: 37.3237 | U28: 40.14877 | V28: 30.78775 | W28: 25.71809 | X28: 36.9195 | Y28: 36.11111 | Z28: 21.78792 | AA28: 20.64843 | AB28: 24.6947 | AC28: 33.90522 | AD28: 28.78396 | AE28: 30.79635 | AF28: 19.34984 | AG28: 23.55521 | AH28: 24.3335 | AI28: 22.56621 | AJ28: 22.25232 | AK28: 17.52665 | AL28: 31.50584 | AM28: 25.38699
A29: R5 | B29: 대전치과 | D29: 23.38321 | E29: 31.48004 | F29: 35.60801 | G29: 28.19487 | H29: 31.57464 | I29: 37.68059 | J29: 43.24905 | K29: 33.09683 | L29: 31.60474 | M29: 32.79583 | N29: 34.52012 | O29: 45.46353 | P29: 37.1732 | Q29: 36.4938 | R29: 36.8163 | S29: 48.9035 | T29: 67.45356 | U29: 45.48073 | V29: 63.12349 | W29: 58.00653 | X29: 64.11248 | Y29: 56.94874 | Z29: 58.64293 | AA29: 50.79979 | AB29: 53.99036 | AC29: 52.48968 | AD29: 49.312 | AE29: 47.45442 | AF29: 34.60182 | AG29: 31.10595 | AH29: 43.45975 | AI29: 31.58324 | AJ29: 37.3495 | AK29: 28.53887 | AL29: 39.30598 | AM29: 37.72359
A30: R6 | B30: 서울피부과 | C30: 앵커 | D30: 19.31095 | E30: 20.40832 | F30: 17.02983 | G30: 17.24774 | H30: 20.39065 | I30: 20.31802 | J30: 20.12563 | K30: 19.69964 | L30: 20.69886 | M30: 19.05575 | N30: 22.32234 | O30: 22.36356 | P30: 19.9254 | Q30: 18.76325 | R30: 16.82764 | S30: 17.09658 | T30: 20.82449 | U30: 18.82606 | V30: 18.79073 | W30: 17.96427 | X30: 19.25206 | Y30: 18.61405 | Z30: 20.28072 | AA30: 20.36513 | AB30: 17.3243 | AC30: 19.00078 | AD30: 14.25009 | AE30: 15.63407 | AF30: 16.8826 | AG30: 15.8932 | AH30: 15.55162 | AI30: 15.48881 | AJ30: 16.01884 | AK30: 15.59285 | AL30: 16.86886 | AM30: 16.86101
A31: R6 | B31: 울산치과 | D31: 10.43776 | E31: 14.21083 | F31: 17.08676 | G31: 13.98115 | H31: 11.41146 | I31: 12.38908 | J31: 35.20416 | K31: 24.1539 | L31: 17.3989 | M31: 13.53356 | N31: 14.98036 | O31: 12.85237 | P31: 10.09422 | Q31: 12.01217 | R31: 10.70278 | S31: 8.98704 | T31: 11.83352 | U31: 25.42795 | V31: 34.34628 | W31: 41.87475 | X31: 28.87514 | Y31: 18.10561 | Z31: 27.20848 | AA31: 19.60149 | AB31: 15.11189 | AC31: 15.61248 | AD31: 11.39183 | AE31: 13.28621 | AF31: 13.96152 | AG31: 11.32901 | AH31: 11.9729 | AI31: 10.61248 | AJ31: 17.22418 | AK31: 8.78877 | AL31: 8.7495 | AM31: 14.64468
A32: R6 | B32: 수원치과 | D32: 14.30899 | E32: 17.13977 | F32: 27.54809 | G32: 27.56576 | H32: 36.71181 | I32: 26.2446 | J32: 32.69532 | K32: 29.33451 | L32: 25.12956 | M32: 32.32822 | N32: 51.01491 | O32: 21.77856 | P32: 17.00039 | Q32: 13.58853 | R32: 13.91244 | S32: 14.69768 | T32: 31.3506 | U32: 35.17275 | V32: 37.72281 | W32: 32.04554 | X32: 34.02434 | Y32: 26.37416 | Z32: 49.23439 | AA32: 40.30427 | AB32: 43.8987 | AC32: 38.17824 | AD32: 17.11228 | AE32: 27.00824 | AF32: 21.63133 | AG32: 11.43305 | AH32: 31.96702 | AI32: 17.08676 | AJ32: 24.25402 | AK32: 26.15822 | AL32: 40.62819 | AM32: 44.89791
A33: R6 | B33: 천안치과 | D33: 9.47192 | E33: 10.46525 | F33: 9.55634 | G33: 10.52807 | H33: 12.87985 | I33: 16.73144 | J33: 15.80879 | K33: 19.99411 | L33: 17.70318 | M33: 16.42913 | N33: 16.88457 | O33: 11.12092 | P33: 10.49469 | Q33: 10.63604 | R33: 9.88614 | S33: 19.24028 | T33: 19.93718 | U33: 34.24617 | V33: 23.19984 | W33: 18.41774 | X33: 29.06753 | Y33: 27.56772 | Z33: 83.75932 | AA33: 74.36003 | AB33: 34.34432 | AC33: 19.95484 | AD33: 12.25559 | AE33: 15.71652 | AF33: 14.35414 | AG33: 12.60895 | AH33: 14.82332 | AI33: 17.66588 | AJ33: 16.39968 | AK33: 12.49509 | AL33: 12.35178 | AM33: 10.63407
A34: R6 | B34: 청주치과 | D34: 14.25795 | E34: 20.84609 | F34: 16.93168 | G34: 13.55516 | H34: 15.23949 | I34: 16.84727 | J34: 15.16686 | K34: 15.0687 | L34: 32.38319 | M34: 13.85944 | N34: 12.20062 | O34: 16.23478 | P34: 22.68551 | Q34: 15.48488 | R34: 15.84609 | S34: 31.28386 | T34: 33.42756 | U34: 32.25166 | V34: 56.60188 | W34: 41.81782 | X34: 68.85551 | Y34: 48.01138 | Z34: 100 | AA34: 61.10522 | AB34: 39.62897 | AC34: 29.39929 | AD34: 13.50019 | AE34: 19.0106 | AF34: 18.26069 | AG34: 22.44208 | AH34: 22.35767 | AI34: 8.58264 | AJ34: 19.86454 | AK34: 22.64428 | AL34: 21.76285 | AM34: 19.45622
A35: R7 | B35: 서울피부과 | C35: 앵커 | D35: 40.70595 | E35: 43.01911 | F35: 35.89754 | G35: 36.35686 | H35: 42.98187 | I35: 42.82876 | J35: 42.42323 | K35: 41.52528 | L35: 43.63154 | M35: 40.168 | N35: 47.05371 | O35: 47.14061 | P35: 42.00115 | Q35: 39.55143 | R35: 35.47132 | S35: 36.03823 | T35: 43.89638 | U35: 39.68385 | V35: 39.60936 | W35: 37.86725 | X35: 40.5818 | Y35: 39.23694 | Z35: 42.75014 | AA35: 42.92808 | AB35: 36.51824 | AC35: 40.05213 | AD35: 30.03807 | AE35: 32.95539 | AF35: 35.58718 | AG35: 33.50161 | AH35: 32.78159 | AI35: 32.64917 | AJ35: 33.76644 | AK35: 32.86849 | AL35: 35.55822 | AM35: 35.54167
A36: R7 | B36: 부산성형외과 | D36: 15.26524 | E36: 15.17834 | F36: 18.12877 | G36: 20.64056 | H36: 35.70719 | I36: 20.00744 | J36: 18.93569 | K36: 30.36497 | L36: 20.13158 | M36: 17.53289 | N36: 16.82529 | O36: 17.7191 | P36: 18.76603 | Q36: 15.88181 | R36: 16.89563 | S36: 18.16601 | T36: 38.95141 | U36: 44.78606 | V36: 25.02275 | W36: 39.21625 | X36: 37.55276 | Y36: 45.40676 | Z36: 44.15708 | AA36: 44.15708 | AB36: 60.14234 | AC36: 49.47446 | AD36: 38.96797 | AE36: 33.68782 | AF36: 22.92477 | AG36: 21.11644 | AH36: 23.94272 | AI36: 25.37863 | AJ36: 24.2117 | AK36: 29.36356 | AL36: 63.83762 | AM36: 55.97947
A37: R7 | B37: 대구성형외과 | D37: 38.71968 | E37: 34.76371 | F37: 40.33766 | G37: 40.74733 | H37: 43.34602 | I37: 34.37474 | J37: 33.30298 | K37: 29.31391 | L37: 32.41744 | M37: 32.51675 | N37: 32.08226 | O37: 36.24927 | P37: 38.78589 | Q37: 36.94032 | R37: 43.19705 | S37: 51.58487 | T37: 62.40999 | U37: 70.16883 | V37: 48.87031 | W37: 37.61069 | X37: 45.24538 | Y37: 79.58702 | Z37: 52.01108 | AA37: 75.11379 | AB37: 52.83869 | AC37: 50.01655 | AD37: 35.15683 | AE37: 38.48382 | AF37: 56.43879 | AG37: 49.85103 | AH37: 100 | AI37: 56.74501 | AJ37: 29.18977 | AK37: 28.41595 | AL37: 46.59438 | AM37: 44.3226
A38: R7 | B38: 인천성형외과 | D38: 9.02507 | E38: 9.94786 | F38: 11.31341 | G38: 14.54936 | H38: 12.25688 | I38: 8.24712 | J38: 7.97815 | K38: 14.13556 | L38: 39.5266 | M38: 27.03384 | N38: 13.84176 | O38: 13.63899 | P38: 15.67905 | Q38: 9.28991 | R38: 12.23619 | S38: 13.68037 | T38: 24.54274 | U38: 34.46164 | V38: 21.36058 | W38: 28.98286 | X38: 19.27087 | Y38: 29.47529 | Z38: 27.23661 | AA38: 61.76032 | AB38: 20.72746 | AC38: 11.97136 | AD38: 7.38227 | AE38: 9.94786 | AF38: 8.54092 | AG38: 6.36431 | AH38: 11.7686 | AI38: 10.99892 | AJ38: 7.84159 | AK38: 9.19059 | AL38: 9.15749 | AM38: 9.09542
A39: R7 | B39: 대전성형외과 | D39: 14.11073 | E39: 14.53695 | F39: 15.89836 | G39: 17.55358 | H39: 17.69014 | I39: 14.85558 | J39: 14.38384 | K39: 12.90242 | L39: 11.92998 | M39: 12.90656 | N39: 18.73706 | O39: 18.52189 | P39: 20.27642 | Q39: 18.63361 | R39: 19.39501 | S39: 20.28055 | T39: 22.25026 | U39: 16.92874 | V39: 28.22146 | W39: 23.66548 | X39: 23.70272 | Y39: 19.08052 | Z39: 29.1939 | AA39: 22.24199 | AB39: 23.44616 | AC39: 23.24339 | AD39: 25.10552 | AE39: 28.44078 | AF39: 33.32781 | AG39: 19.21708 | AH39: 21.34403 | AI39: 16.63907 | AJ39: 18.77017 | AK39: 15.84457 | AL39: 15.49697 | AM39: 15.228
A40: R8 | B40: 서울피부과 | C40: 앵커 | D40: 51.2237 | E40: 54.13455 | F40: 45.17288 | G40: 45.75088 | H40: 54.08769 | I40: 53.89502 | J40: 53.38471 | K40: 52.25473 | L40: 54.90522 | M40: 50.54676 | N40: 59.21162 | O40: 59.32097 | P40: 52.85357 | Q40: 49.77088 | R40: 44.63653 | S40: 45.34992 | T40: 55.23849 | U40: 49.93751 | V40: 49.84378 | W40: 47.65153 | X40: 51.06748 | Y40: 49.37513 | Z40: 53.79608 | AA40: 54.01999 | AB40: 45.95396 | AC40: 50.40095 | AD40: 37.79941 | AE40: 41.47052 | AF40: 44.78233 | AG40: 42.15788 | AH40: 41.25182 | AI40: 41.08519 | AJ40: 42.49114 | AK40: 41.36117 | AL40: 44.74588 | AM40: 44.72505
A41: R8 | B41: 부산한의원 | D41: 19.74067 | E41: 54.83753 | F41: 17.34013 | G41: 11.36221 | H41: 11.67465 | I41: 12.19016 | J41: 42.55363 | K41: 44.17829 | L41: 35.73213 | M41: 36.44553 | N41: 31.759 | O41: 21.38616 | P41: 16.59029 | Q41: 13.38262 | R41: 13.52843 | S41: 13.11705 | T41: 12.49218 | U41: 10.91439 | V41: 13.16913 | W41: 13.34617 | X41: 15.28848 | Y41: 17.27765 | Z41: 14.23661 | AA41: 15.42907 | AB41: 15.61133 | AC41: 13.794 | AD41: 12.69527 | AE41: 17.2464 | AF41: 37.6484 | AG41: 31.4674 | AH41: 14.11685 | AI41: 18.0327 | AJ41: 13.0806 | AK41: 13.59091 | AL41: 15.8092 | AM41: 13.66902
A42: R8 | B42: 대구한의원 | D42: 15.79879 | E42: 14.45532 | F42: 23.79191 | G42: 19.26161 | H42: 18.55342 | I42: 21.04249 | J42: 28.38471 | K42: 29.42616 | L42: 40.92897 | M42: 29.85315 | N42: 27.65569 | O42: 27.17142 | P42: 17.97542 | Q42: 17.72026 | R42: 17.387 | S42: 26.34867 | T42: 30.6082 | U42: 24.81774 | V42: 34.01374 | W42: 30.09789 | X42: 14.05436 | Y42: 13.00249 | Z42: 22.06311 | AA42: 22.90147 | AB42: 17.06936 | AC42: 13.88773 | AD42: 11.67465 | AE42: 15.99146 | AF42: 25.33326 | AG42: 20.41762 | AH42: 15.75192 | AI42: 18.64194 | AJ42: 15.4499 | AK42: 11.72672 | AL42: 12.50781 | AM42: 13.97625
A43: R8 | B43: 인천한의원 | D43: 48.04207 | E43: 57.51405 | F43: 100 | G43: 54.19183 | H43: 32.20683 | I43: 31.93605 | J43: 41.00187 | K43: 42.90252 | L43: 32.30056 | M43: 27.89002 | N43: 29.12934 | O43: 24.90106 | P43: 27.73901 | Q43: 21.57363 | R43: 17.98583 | S43: 17.95459 | T43: 19.78233 | U43: 19.95938 | V43: 21.24557 | W43: 21.15705 | X43: 22.54738 | Y43: 21.61528 | Z43: 24.72401 | AA43: 34.57612 | AB43: 26.58821 | AC43: 29.36367 | AD43: 20.70922 | AE43: 19.05852 | AF43: 23.60966 | AG43: 17.82961 | AH43: 20.54259 | AI43: 22.72963 | AJ43: 19.12622 | AK43: 15.25203 | AL43: 16.75171 | AM43: 14.13767
A44: R8 | B44: 대전한의원 | D44: 13.54405 | E44: 14.07519 | F44: 12.83586 | G44: 14.30431 | H44: 14.93438 | I44: 13.95542 | J44: 15.40304 | K44: 20.97479 | L44: 17.33493 | M44: 15.86127 | N44: 16.52259 | O44: 17.80358 | P44: 24.01062 | Q44: 15.06977 | R44: 14.27306 | S44: 15.42907 | T44: 16.33513 | U44: 46.02166 | V44: 14.56467 | W44: 13.64819 | X44: 14.52301 | Y44: 15.13226 | Z44: 25 | AA44: 23.84399 | AB44: 21.86523 | AC44: 39.42928 | AD44: 17.59529 | AE44: 31.23307 | AF44: 16.05394 | AG44: 24.88023 | AH44: 14.58029 | AI44: 14.6584 | AJ44: 15.69464 | AK44: 14.57508 | AL44: 26.66111 | AM44: 21.62049
A45: R9 | B45: 서울피부과 | C45: 앵커 | D45: 62.29497 | E45: 65.83496 | F45: 54.93635 | G45: 55.63928 | H45: 65.77797 | I45: 65.54366 | J45: 64.92305 | K45: 63.54885 | L45: 66.77221 | M45: 61.47172 | N45: 72.00937 | O45: 72.14235 | P45: 64.27711 | Q45: 60.52814 | R45: 54.28408 | S45: 55.15166 | T45: 67.1775 | U45: 60.73079 | V45: 60.6168 | W45: 57.95073 | X45: 62.10499 | Y45: 60.04686 | Z45: 65.42334 | AA45: 65.69564 | AB45: 55.88626 | AC45: 61.2944 | AD45: 45.96922 | AE45: 50.43379 | AF45: 54.4614 | AG45: 51.26971 | AH45: 50.16781 | AI45: 49.96517 | AJ45: 51.675 | AK45: 50.3008 | AL45: 54.41707 | AM45: 54.39174
A46: R9 | B46: 부산안과 | D46: 20.52434 | E46: 18.56753 | F46: 16.55373 | G46: 17.37065 | H46: 20.40402 | I46: 23.45639 | J46: 28.9152 | K46: 20.38502 | L46: 20.60667 | M46: 20.55601 | N46: 26.57843 | O46: 24.88126 | P46: 23.51339 | Q46: 20.89164 | R46: 18.39655 | S46: 19.68843 | T46: 29.93477 | U46: 42.09993 | V46: 45.26629 | W46: 34.86796 | X46: 48.68596 | Y46: 35.02628 | Z46: 57.2098 | AA46: 34.11436 | AB46: 28.28826 | AC46: 32.96814 | AD46: 17.06035 | AE46: 17.59863 | AF46: 23.83636 | AG46: 17.5163 | AH46: 28.16794 | AI46: 21.25261 | AJ46: 41.27667 | AK46: 64.18846 | AL46: 41.96694 | AM46: 34.13336
A47: R9 | B47: 대구안과 | D47: 40.85871 | E47: 43.47413 | F47: 35.40624 | G47: 37.31872 | H47: 39.83281 | I47: 39.74415 | J47: 40.20644 | K47: 38.2623 | L47: 41.64397 | M47: 38.33196 | N47: 45.31695 | O47: 43.45513 | P47: 41.94794 | Q47: 40.14311 | R47: 35.09594 | S47: 35.62788 | T47: 41.21968 | U47: 37.76834 | V47: 43.11949 | W47: 39.9088 | X47: 39.02222 | Y47: 37.96466 | Z47: 40.00379 | AA47: 43.56278 | AB47: 36.25482 | AC47: 45.05097 | AD47: 33.64574 | AE47: 36.09651 | AF47: 38.81324 | AG47: 35.8052 | AH47: 35.52023 | AI47: 35.76087 | AJ47: 39.68716 | AK47: 40.19378 | AL47: 41.70096 | AM47: 41.82762
A48: R9 | B48: 부산정형외과 | D48: 22.89911 | E48: 23.31707 | F48: 18.49787 | G48: 28.55423 | H48: 25.1599 | I48: 26.43911 | J48: 28.26293 | K48: 26.78741 | L48: 30.5997 | M48: 33.97504 | N48: 26.83807 | O48: 28.50357 | P48: 27.78798 | Q48: 24.01367 | R48: 23.24741 | S48: 25.02691 | T48: 26.8634 | U48: 33.45576 | V48: 34.63998 | W48: 36.96409 | X48: 26.39478 | Y48: 24.83059 | Z48: 28.74422 | AA48: 32.90481 | AB48: 27.522 | AC48: 27.05338 | AD48: 18.49787 | AE48: 32.77816 | AF48: 50.78209 | AG48: 48.9646 | AH48: 63.32087 | AI48: 45.60825 | AJ48: 26.85707 | AK48: 19.2388 | AL48: 18.20657 | AM48: 18.53587
A49: R9 | B49: 대구정형외과 | D49: 33.62041 | E49: 32.52485 | F49: 28.2186 | G49: 27.82597 | H49: 28.72522 | I49: 27.96529 | J49: 28.47191 | K49: 27.24336 | L49: 35.70388 | M49: 31.45462 | N49: 30.99867 | O49: 32.48052 | P49: 38.64859 | Q49: 33.72807 | R49: 31.55594 | S49: 34.56399 | T49: 34.88062 | U49: 27.1547 | V49: 31.77126 | W49: 31.14432 | X49: 53.49249 | Y49: 100 | Z49: 74.1055 | AA49: 54.3854 | AB49: 66.22759 | AC49: 65.11937 | AD49: 34.39934 | AE49: 34.67798 | AF49: 28.59223 | AG49: 31.16332 | AH49: 34.80463 | AI49: 33.35444 | AJ49: 35.68488 | AK49: 40.26977 | AL49: 37.72402 | AM49: 38.78158
A50: R10 | B50: 서울피부과 | C50: 앵커 | D50: 81.72981 | E50: 86.37421 | F50: 72.07544 | G50: 72.99767 | H50: 86.29943 | I50: 85.99202 | J50: 85.17779 | K50: 83.37487 | L50: 87.60385 | M50: 80.64971 | N50: 94.4749 | O50: 94.64938 | P50: 84.33034 | Q50: 79.41176 | R50: 71.21967 | S50: 72.35792 | T50: 88.13559 | U50: 79.67763 | V50: 79.52808 | W50: 76.03024 | X50: 81.48055 | Y50: 78.78032 | Z50: 85.83416 | AA50: 86.19142 | AB50: 73.3217 | AC50: 80.41708 | AD50: 60.31073 | AE50: 66.16816 | AF50: 71.4523 | AG50: 67.26487 | AH50: 65.8192 | AI50: 65.55333 | AJ50: 67.79661 | AK50: 65.99368 | AL50: 71.39415 | AM50: 71.36091
A51: R10 | B51: 부산이비인후과 | D51: 33.56596 | E51: 39.19076 | F51: 33.61581 | G51: 38.65071 | H51: 37.88634 | I51: 37.1552 | J51: 36.50714 | K51: 37.10535 | L51: 39.44832 | M51: 35.31073 | N51: 51.10501 | O51: 55.53339 | P51: 55.82419 | Q51: 42.04885 | R51: 36.34097 | S51: 41.33433 | T51: 41.74144 | U51: 31.27284 | V51: 33.92323 | W51: 33.08408 | X51: 32.63542 | Y51: 28.67231 | Z51: 38.31837 | AA51: 45.43868 | AB51: 47.94782 | AC51: 36.34097 | AD51: 47.88135 | AE51: 38.32668 | AF51: 34.53805 | AG51: 37.29644 | AH51: 34.01462 | AI51: 31.28946 | AJ51: 30.15121 | AK51: 23.58757 | AL51: 25.27417 | AM51: 27.21003
A52: R10 | B52: 대구이비인후과 | D52: 33.82352 | E52: 39.58956 | F52: 31.13991 | G52: 35.84247 | H52: 41.47557 | I52: 55.27583 | J52: 39.98836 | K52: 40.0216 | L52: 39.19076 | M52: 31.5304 | N52: 33.22532 | O52: 39.53971 | P52: 37.76171 | Q52: 31.27284 | R52: 27.94948 | S52: 31.97075 | T52: 42.24825 | U52: 27.22665 | V52: 53.96311 | W52: 29.61116 | X52: 35.48521 | Y52: 52.88301 | Z52: 51.32103 | AA52: 37.67032 | AB52: 46.3443 | AC52: 41.33433 | AD52: 73.2303 | AE52: 100 | AF52: 28.78032 | AG52: 33.41641 | AH52: 29.37853 | AI52: 31.00697 | AJ52: 33.18378 | AK52: 30.38384 | AL52: 32.73512 | AM52: 33.5992
A53: R10 | B53: 부산산부인과 | D53: 33.71552 | E53: 32.35294 | F53: 27.76669 | G53: 30.58325 | H53: 37.8531 | I53: 62.13027 | J53: 33.47457 | K53: 36.81455 | L53: 34.75407 | M53: 30.90727 | N53: 32.36955 | O53: 34.41342 | P53: 36.73147 | Q53: 30.3423 | R53: 25.83084 | S53: 26.95247 | T53: 32.85144 | U53: 26.55367 | V53: 30.1429 | W53: 25.29079 | X53: 28.38983 | Y53: 28.62246 | Z53: 26.73645 | AA53: 36.23296 | AB53: 25.82253 | AC53: 31.97075 | AD53: 23.65403 | AE53: 25.73113 | AF53: 25.93054 | AG53: 27.97441 | AH53: 24.2107 | AI53: 29.27052 | AJ53: 33.36656 | AK53: 27.5756 | AL53: 29.72748 | AM53: 30.69956
A54: R10 | B54: 대구산부인과 | D54: 42.5972 | E54: 44.82386 | F54: 37.86141 | G54: 40.33732 | H54: 42.97939 | I54: 41.07676 | J54: 42.68029 | K54: 50.61482 | L54: 44.98172 | M54: 42.10701 | N54: 45.09803 | O54: 46.17813 | P54: 47.3413 | Q54: 44.00132 | R54: 37.49584 | S54: 39.61448 | T54: 44.80724 | U54: 39.53971 | V54: 47.45762 | W54: 52.83316 | X54: 42.48089 | Y54: 40.63642 | Z54: 41.27617 | AA54: 48.12229 | AB54: 39.74742 | AC54: 47.72349 | AD54: 34.24725 | AE54: 38.33499 | AF54: 37.67032 | AG54: 37.56231 | AH54: 39.34031 | AI54: 44.34197 | AJ54: 44.31704 | AK54: 39.22399 | AL54: 40.37055 | AM54: 40.61149
A55: R11 | B55: 서울피부과 | C55: 앵커 | D55: 86.35007 | E55: 91.25702 | F55: 76.14992 | G55: 77.12429 | H55: 91.17801 | I55: 90.85323 | J55: 89.99297 | K55: 88.08813 | L55: 92.55617 | M55: 85.20891 | N55: 99.81566 | O55: 100 | P55: 89.09761 | Q55: 83.90098 | R55: 75.24578 | S55: 76.44838 | T55: 93.11797 | U55: 84.18188 | V55: 84.02387 | W55: 80.3283 | X55: 86.08672 | Y55: 83.23384 | Z55: 90.68644 | AA55: 91.0639 | AB55: 77.46664 | AC55: 84.96313 | AD55: 63.72015 | AE55: 69.9087 | AF55: 75.49157 | AG55: 71.06741 | AH55: 69.54002 | AI55: 69.25912 | AJ55: 71.62921 | AK55: 69.72436 | AL55: 75.43012 | AM55: 75.39501
A56: R11 | B56: 서울내과 | D56: 64.17661 | E56: 87.99157 | F56: 80.8462 | G56: 97.40168 | H56: 76.29037 | I56: 66.22191 | J56: 65.24754 | K56: 62.63167 | L56: 65.51088 | M56: 60.99016 | N56: 68.74122 | O56: 78.65168 | P56: 63.93082 | Q56: 72.84058 | R56: 66.2658 | S56: 74.63132 | T56: 76.76439 | U56: 54.16081 | V56: 60.40203 | W56: 54.27492 | X56: 55.66186 | Y56: 50.35112 | Z56: 53.01966 | AA56: 57.70716 | AB56: 57.37359 | AC56: 66.08146 | AD56: 63.88693 | AE56: 61.86797 | AF56: 53.30933 | AG56: 50.43012 | AH56: 49.62254 | AI56: 46.64676 | AJ56: 47.7528 | AK56: 45.30372 | AL56: 49.56987 | AM56: 54.79283
A57: R11 | B57: 부산내과 | D57: 18.33742 | E57: 20.93574 | F57: 17.67029 | G57: 23.50772 | H57: 19.43469 | I57: 19.23279 | J57: 16.30091 | K57: 15.28265 | L57: 17.30161 | M57: 15.22998 | N57: 17.35428 | O57: 19.73314 | P57: 15.84445 | Q57: 16.37991 | R57: 14.0625 | S57: 18.88167 | T57: 23.13904 | U57: 14.29073 | V57: 16.19557 | W57: 14.60674 | X57: 17.09971 | Y57: 13.05301 | Z57: 12.14887 | AA57: 13.73771 | AB57: 13.72015 | AC57: 17.77563 | AD57: 12.75456 | AE57: 13.77282 | AF57: 14.00983 | AG57: 19.24157 | AH57: 13.91327 | AI57: 13.11446 | AJ57: 15.15098 | AK57: 11.16573 | AL57: 12.06987 | AM57: 12.74578
A58: R11 | B58: 대구내과 | D58: 20.62851 | E58: 24.58742 | F58: 19.06601 | G58: 28.08988 | H58: 24.64887 | I58: 24.06074 | J58: 19.36446 | K58: 18.42521 | L58: 20.07549 | M58: 17.39817 | N58: 17.33672 | O58: 21.34831 | P58: 21.65554 | Q58: 20.43539 | R58: 17.7054 | S58: 22.84058 | T58: 27.14185 | U58: 14.71207 | V58: 18.14431 | W58: 14.58918 | X58: 16.46769 | Y58: 15.49332 | Z58: 12.49122 | AA58: 14.95786 | AB58: 13.55337 | AC58: 23.55161 | AD58: 16.84515 | AE58: 17.80196 | AF58: 17.38061 | AG58: 24.82443 | AH58: 15.783 | AI58: 13.43925 | AJ58: 17.9863 | AK58: 14.26439 | AL58: 14.29073 | AM58: 16.30969
A59: R11 | B59: 인천내과 | D59: 10.78827 | E59: 11.06917 | F59: 9.90168 | G59: 12.64044 | H59: 11.13061 | I59: 11.27106 | J59: 9.35744 | K59: 10.4547 | L59: 13.47436 | M59: 8.5323 | N59: 9.2521 | O59: 10.77949 | P59: 9.375 | Q59: 9.01509 | R59: 6.73279 | S59: 9.50667 | T59: 12.3771 | U59: 7.28581 | V59: 9.21699 | W59: 7.11903 | X59: 8.22507 | Y59: 7.11903 | Z59: 7.03125 | AA59: 7.33848 | AB59: 13.26369 | AC59: 12.9389 | AD59: 11.74508 | AE59: 12.94768 | AF59: 12.34199 | AG59: 10.84971 | AH59: 6.79424 | AI59: 6.53967 | AJ59: 7.17169 | AK59: 5.92521 | AL59: 6.59234 | AM59: 6.6889
A60: R12 | B60: 서울피부과 | C60: 앵커 | D60: 86.35007 | E60: 91.25702 | F60: 76.14992 | G60: 77.12429 | H60: 91.17801 | I60: 90.85323 | J60: 89.99297 | K60: 88.08813 | L60: 92.55617 | M60: 85.20891 | N60: 99.81566 | O60: 100 | P60: 89.09761 | Q60: 83.90098 | R60: 75.24578 | S60: 76.44838 | T60: 93.11797 | U60: 84.18188 | V60: 84.02387 | W60: 80.3283 | X60: 86.08672 | Y60: 83.23384 | Z60: 90.68644 | AA60: 91.0639 | AB60: 77.46664 | AC60: 84.96313 | AD60: 63.72015 | AE60: 69.9087 | AF60: 75.49157 | AG60: 71.06741 | AH60: 69.54002 | AI60: 69.25912 | AJ60: 71.62921 | AK60: 69.72436 | AL60: 75.43012 | AM60: 75.39501
A61: R12 | B61: 광주내과 | D61: 16.58181 | E61: 18.09164 | F61: 15.55477 | G61: 18.81144 | H61: 17.93363 | I61: 17.35428 | J61: 15.56355 | K61: 15.84445 | L61: 16.7047 | M61: 14.68574 | N61: 15.10709 | O61: 18.39887 | P61: 17.02071 | Q61: 15.56355 | R61: 14.60674 | S61: 18.46032 | T61: 20.94452 | U61: 12.56144 | V61: 14.34339 | W61: 13.05301 | X61: 14.0625 | Y61: 12.26299 | Z61: 12.24543 | AA61: 13.94838 | AB61: 12.93012 | AC61: 16.81882 | AD61: 14.18539 | AE61: 13.2198 | AF61: 14.65063 | AG61: 16.76615 | AH61: 14.15905 | AI61: 14.11516 | AJ61: 16.88026 | AK61: 13.53581 | AL61: 12.40344 | AM61: 14.10639
A62: R12 | B62: 대전내과 | D62: 30.07373 | E62: 34.84901 | F62: 27.80021 | G62: 38.13202 | H62: 33.70786 | I62: 33.76931 | J62: 28.89747 | K62: 28.03721 | L62: 32.35603 | M62: 28.87991 | N62: 30.28441 | O62: 34.23455 | P62: 33.76931 | Q62: 30.17907 | R62: 24.89466 | S62: 31.9698 | T62: 37.44733 | U62: 22.04178 | V62: 24.86832 | W62: 21.10252 | X62: 24.20997 | Y62: 24.38553 | Z62: 20.57584 | AA62: 23.04248 | AB62: 21.76088 | AC62: 28.29178 | AD62: 22.77914 | AE62: 22.37535 | AF62: 21.97155 | AG62: 26.82584 | AH62: 23.49016 | AI62: 20.12816 | AJ62: 24.38553 | AK62: 22.18223 | AL62: 21.58532 | AM62: 22.36657
A63: R12 | B63: 울산내과 | D63: 26.00948 | E63: 31.08321 | F63: 28.27422 | G63: 37.41221 | H63: 34.40133 | I63: 28.97647 | J63: 24.30653 | K63: 23.99051 | L63: 26.76439 | M63: 20.97963 | N63: 23.70084 | O63: 28.26544 | P63: 22.91959 | Q63: 23.2356 | R63: 20.11938 | S63: 26.04459 | T63: 37.2191 | U63: 19.09234 | V63: 21.1113 | W63: 19.85603 | X63: 19.19768 | Y63: 17.89852 | Z63: 16.58181 | AA63: 18.53932 | AB63: 15.27387 | AC63: 23.26193 | AD63: 18.58321 | AE63: 17.89852 | AF63: 21.1903 | AG63: 25.19311 | AH63: 18.13553 | AI63: 16.28335 | AJ63: 20.33883 | AK63: 17.74929 | AL63: 16.69592 | AM63: 16.82759
A64: R12 | B64: 수원내과 | D64: 17.80196 | E64: 20.37394 | F64: 17.81074 | G64: 22.85814 | H64: 20.4705 | I64: 19.14501 | J64: 17.0646 | K64: 14.57162 | L64: 15.75667 | M64: 15.75667 | N64: 17.05582 | O64: 19.85603 | P64: 17.29283 | Q64: 17.83707 | R64: 14.36973 | S64: 18.32865 | T64: 22.73525 | U64: 12.28932 | V64: 14.56285 | W64: 12.10498 | X64: 19.35568 | Y64: 21.61165 | Z64: 21.81355 | AA64: 19.1099 | AB64: 14.53651 | AC64: 18.09164 | AD64: 16.43258 | AE64: 22.73525 | AF64: 34.12043 | AG64: 19.35568 | AH64: 14.44873 | AI64: 13.79037 | AJ64: 13.44803 | AK64: 13.26369 | AL64: 25.4389 | AM64: 14.67696
A65: R13 | B65: 서울피부과 | C65: 앵커 | D65: 65.90513 | E65: 69.65027 | F65: 58.12005 | G65: 58.86372 | H65: 69.58997 | I65: 69.34208 | J65: 68.68551 | K65: 67.23167 | L65: 70.64183 | M65: 65.03416 | N65: 76.1825 | O65: 76.32319 | P65: 68.00214 | Q65: 64.03591 | R65: 57.42998 | S65: 58.34784 | T65: 71.07061 | U65: 64.2503 | V65: 64.1297 | W65: 61.30912 | X65: 65.70414 | Y65: 63.52673 | Z65: 69.21479 | AA65: 69.50288 | AB65: 59.12501 | AC65: 64.84657 | AD65: 48.63325 | AE65: 53.35655 | AF65: 57.61758 | AG65: 54.24092 | AH65: 53.07517 | AI65: 52.86077 | AJ65: 54.6697 | AK65: 53.21586 | AL65: 57.57068 | AM65: 57.54388
A66: R13 | B66: 인천안과 | D66: 12.03269 | E66: 11.11483 | F66: 9.21881 | G66: 10.42476 | H66: 10.19697 | I66: 11.09473 | J66: 12.05279 | K66: 11.14833 | L66: 12.04609 | M66: 10.86024 | N66: 17.38576 | O66: 12.84336 | P66: 13.05105 | Q66: 11.04113 | R66: 9.53369 | S66: 9.98928 | T66: 11.20192 | U66: 11.7446 | V66: 16.78949 | W66: 9.72799 | X66: 10.70615 | Y66: 13.03095 | Z66: 39.61543 | AA66: 14.67908 | AB66: 9.07811 | AC66: 12.09969 | AD66: 8.44164 | AE66: 9.4801 | AF66: 11.8853 | AG66: 10.75974 | AH66: 10.07637 | AI66: 10.38456 | AJ66: 13.93541 | AK66: 10.19697 | AL66: 10.10987 | AM66: 11.41632
A67: R13 | B67: 광주안과 | D67: 71.3855 | E67: 75.82071 | F67: 69.97856 | G67: 80.04153 | H67: 96.93822 | I67: 90.76778 | J67: 82.13855 | K67: 79.43186 | L67: 80.41002 | M67: 76.87257 | N67: 83.2239 | O67: 89.08615 | P67: 80.7584 | Q67: 77.54924 | R67: 79.77354 | S67: 88.75117 | T67: 100 | U67: 92.7978 | V67: 84.71794 | W67: 80.8455 | X67: 81.72986 | Y67: 77.26785 | Z67: 82.95591 | AA67: 85.72289 | AB67: 74.30657 | AC67: 83.78668 | AD67: 71.4056 | AE67: 83.57898 | AF67: 98.49256 | AG67: 84.82513 | AH67: 85.5956 | AI67: 79.25097 | AJ67: 80.01473 | AK67: 78.4001 | AL67: 83.69958 | AM67: 91.14297
A68: R13 | B68: 대전안과 | D68: 43.86305 | E68: 41.46455 | F68: 28.69489 | G68: 45.96006 | H68: 38.57697 | I68: 36.23207 | J68: 48.40546 | K68: 40.473 | L68: 46.04046 | M68: 37.24373 | N68: 39.53503 | O68: 38.29559 | P68: 39.42784 | Q68: 33.51869 | R68: 29.12367 | S68: 28.17231 | T68: 35.88369 | U68: 28.82218 | V68: 33.2239 | W68: 32.50033 | X68: 35.89709 | Y68: 31.13359 | Z68: 28.65469 | AA68: 32.94251 | AB68: 29.94104 | AC68: 39.86332 | AD68: 26.20929 | AE68: 29.35146 | AF68: 27.46884 | AG68: 29.50556 | AH68: 27.73013 | AI68: 29.71325 | AJ68: 29.45196 | AK68: 30.7651 | AL68: 33.53879 | AM68: 34.40305
A69: R13 | B69: 울산안과 | D69: 23.7237 | E69: 24.17258 | F69: 42.00723 | G69: 31.48867 | H69: 27.65643 | I69: 29.63955 | J69: 27.05346 | K69: 26.1892 | L69: 28.00482 | M69: 24.10558 | N69: 23.12742 | O69: 23.7371 | P69: 24.49417 | Q69: 21.98177 | R69: 18.29693 | S69: 20.24654 | T69: 22.63834 | U69: 20.13265 | V69: 21.96167 | W69: 24.36017 | X69: 32.23904 | Y69: 32.05145 | Z69: 24.27978 | AA69: 23.5897 | AB69: 20.40734 | AC69: 26.38349 | AD69: 18.853 | AE69: 26.32319 | AF69: 37.14323 | AG69: 43.16628 | AH69: 44.02385 | AI69: 37.9807 | AJ69: 25.17084 | AK69: 27.78373 | AL69: 21.69368 | AM69: 22.08897
A70: R14 | B70: 서울피부과 | C70: 앵커 | D70: 76.89361 | E70: 81.26319 | F70: 67.81052 | G70: 68.67818 | H70: 81.19283 | I70: 80.90361 | J70: 80.13757 | K70: 78.44133 | L70: 82.42007 | M70: 75.87743 | N70: 88.88454 | O70: 89.04869 | P70: 79.34026 | Q70: 74.71273 | R70: 67.00539 | S70: 68.07629 | T70: 82.92034 | U70: 74.96287 | V70: 74.82216 | W70: 71.5313 | X70: 76.65911 | Y70: 74.11865 | Z70: 80.7551 | AA70: 81.09122 | AB70: 68.98303 | AC70: 75.65856 | AD70: 56.74196 | AE70: 62.25279 | AF70: 67.22426 | AG70: 63.2846 | AH70: 61.92448 | AI70: 61.67435 | AJ70: 63.78488 | AK70: 62.08864 | AL70: 67.16954 | AM70: 67.13827
A71: R14 | B71: 인천정형외과 | D71: 24.29453 | E71: 22.85624 | F71: 20.48776 | G71: 21.46486 | H71: 21.39451 | I71: 22.24654 | J71: 43.31274 | K71: 20.85515 | L71: 22.184 | M71: 22.87969 | N71: 23.84897 | O71: 23.82552 | P71: 24.77135 | Q71: 22.89533 | R71: 19.11201 | S71: 19.01039 | T71: 20.65973 | U71: 18.76807 | V71: 26.0064 | W71: 27.46814 | X71: 29.14875 | Y71: 31.61885 | Z71: 35.0895 | AA71: 27.38997 | AB71: 35.84772 | AC71: 24.61502 | AD71: 17.21253 | AE71: 18.94004 | AF71: 15.20362 | AG71: 18.07238 | AH71: 20.22199 | AI71: 18.55702 | AJ71: 19.02602 | AK71: 17.46267 | AL71: 15.7977 | AM71: 14.33596
A72: R14 | B72: 광주정형외과 | D72: 31.39998 | E72: 32.58031 | F72: 25.71718 | G72: 33.39326 | H72: 28.39052 | I72: 29.86007 | J72: 29.79754 | K72: 33.26819 | L72: 45.72031 | M72: 37.43453 | N72: 31.65012 | O72: 46.3691 | P72: 43.12514 | Q72: 31.65012 | R72: 28.07785 | S72: 26.17056 | T72: 29.56304 | U72: 25.68592 | V72: 59.86867 | W72: 38.80247 | X72: 46.3691 | Y72: 34.30782 | Z72: 31.05604 | AA72: 31.04822 | AB72: 28.96115 | AC72: 37.31728 | AD72: 31.39998 | AE72: 29.67247 | AF72: 34.87844 | AG72: 32.92425 | AH72: 34.71429 | AI72: 29.36762 | AJ72: 37.33291 | AK72: 31.47033 | AL72: 34.04987 | AM72: 34.2531
A73: R14 | B73: 대전정형외과 | D73: 53.77159 | E73: 53.99828 | F73: 42.00734 | G73: 43.83647 | H73: 46.1346 | I73: 47.94809 | J73: 53.48237 | K73: 54.19369 | L73: 58.18807 | M73: 53.88102 | N73: 44.28984 | O73: 42.39036 | P73: 54.49073 | Q73: 48.40928 | R73: 39.66231 | S73: 41.68686 | T73: 45.2513 | U73: 37.30946 | V73: 61.29914 | W73: 100 | X73: 68.51403 | Y73: 58.28187 | Z73: 59.19643 | AA73: 89.55678 | AB73: 73.12592 | AC73: 61.66653 | AD73: 83.03759 | AE73: 96.99835 | AF73: 55.24896 | AG73: 48.7454 | AH73: 54.45947 | AI73: 52.13788 | AJ73: 49.93355 | AK73: 45.09497 | AL73: 45.947 | AM73: 48.10443
A74: R14 | B74: 울산정형외과 | D74: 31.55631 | E74: 35.6054 | F74: 29.18783 | G74: 28.46869 | H74: 27.94496 | I74: 29.86007 | J74: 32.74446 | K74: 33.0415 | L74: 38.91972 | M74: 35.07386 | N74: 28.96896 | O74: 29.98514 | P74: 35.86336 | Q74: 32.54123 | R74: 27.8199 | S74: 28.03877 | T74: 30.37598 | U74: 25.38106 | V74: 30.89189 | W74: 29.91479 | X74: 35.33963 | Y74: 33.24474 | Z74: 31.30618 | AA74: 33.21347 | AB74: 31.28273 | AC74: 37.15313 | AD74: 27.49941 | AE74: 42.5467 | AF74: 47.59634 | AG74: 44.24294 | AH74: 52.75541 | AI74: 31.5485 | AJ74: 34.05768 | AK74: 32.08786 | AL74: 30.81372 | AM74: 31.26709
A75: R15 | B75: 서울피부과 | C75: 앵커 | D75: 86.35007 | E75: 91.25702 | F75: 76.14992 | G75: 77.12429 | H75: 91.17801 | I75: 90.85323 | J75: 89.99297 | K75: 88.08813 | L75: 92.55617 | M75: 85.20891 | N75: 99.81566 | O75: 100 | P75: 89.09761 | Q75: 83.90098 | R75: 75.24578 | S75: 76.44838 | T75: 93.11797 | U75: 84.18188 | V75: 84.02387 | W75: 80.3283 | X75: 86.08672 | Y75: 83.23384 | Z75: 90.68644 | AA75: 91.0639 | AB75: 77.46664 | AC75: 84.96313 | AD75: 63.72015 | AE75: 69.9087 | AF75: 75.49157 | AG75: 71.06741 | AH75: 69.54002 | AI75: 69.25912 | AJ75: 71.62921 | AK75: 69.72436 | AL75: 75.43012 | AM75: 75.39501
A76: R15 | B76: 광주성형외과 | D76: 34.56811 | E76: 35.02457 | F76: 40.41432 | G76: 49.38553 | H76: 57.44382 | I76: 44.07478 | J76: 41.99438 | K76: 36.77141 | L76: 47.94592 | M76: 53.95891 | N76: 59.80512 | O76: 51.46594 | P76: 38.66748 | Q76: 39.80863 | R76: 42.37183 | S76: 48.2356 | T76: 53.04599 | U76: 41.45891 | V76: 39.76474 | W76: 36.85919 | X76: 36.98209 | Y76: 38.13202 | Z76: 33.94487 | AA76: 37.44733 | AB76: 66.63448 | AC76: 92.95119 | AD76: 71.04108 | AE76: 89.18539 | AF76: 62.9389 | AG76: 33.94487 | AH76: 33.26896 | AI76: 45.82162 | AJ76: 36.36762 | AK76: 28.90625 | AL76: 31.73279 | AM76: 36.7363
A77: R15 | B77: 울산성형외과 | D77: 18.81144 | E77: 18.93433 | F77: 19.73314 | G77: 22.20856 | H77: 23.36727 | I77: 19.69803 | J77: 20.65484 | K77: 25.03511 | L77: 28.74824 | M77: 26.38693 | N77: 26.71172 | O77: 29.02036 | P77: 22.56846 | Q77: 19.33813 | R77: 17.9073 | S77: 19.99648 | T77: 20.66362 | U77: 18.43398 | V77: 18.04775 | W77: 16.30969 | X77: 16.95049 | Y77: 17.00316 | Z77: 16.97682 | AA77: 17.65273 | AB77: 16.03757 | AC77: 18.27598 | AD77: 16.16046 | AE77: 22.73525 | AF77: 22.61235 | AG77: 17.74051 | AH77: 15.5811 | AI77: 14.33462 | AJ77: 14.79108 | AK77: 13.55337 | AL77: 14.84375 | AM77: 13.85182
A78: R15 | B78: 광주한의원 | D78: 16.29213 | E78: 16.94171 | F78: 13.92205 | G78: 14.36095 | H78: 16.44136 | I78: 18.76755 | J78: 18.60955 | K78: 19.27668 | L78: 16.69592 | M78: 20.89185 | N78: 19.59269 | O78: 16.9066 | P78: 33.32162 | Q78: 17.51228 | R78: 17.40695 | S78: 15.47577 | T78: 18.16186 | U78: 24.11341 | V78: 17.64396 | W78: 14.09761 | X78: 12.52633 | Y78: 17.45962 | Z78: 15.89712 | AA78: 24.38553 | AB78: 22.55091 | AC78: 36.2974 | AD78: 13.76404 | AE78: 13.77282 | AF78: 13.64992 | AG78: 16.09901 | AH78: 17.13483 | AI78: 19.83848 | AJ78: 20.93574 | AK78: 19.78581 | AL78: 19.52247 | AM78: 18.20575
A79: R15 | B79: 울산한의원 | D79: 18.61832 | E79: 19.70681 | F79: 17.79318 | G79: 17.28405 | H79: 16.88026 | I79: 18.01264 | J79: 17.24894 | K79: 16.66959 | L79: 18.96067 | M79: 17.33672 | N79: 38.10568 | O79: 52.90554 | P79: 29.05547 | Q79: 16.66959 | R79: 17.19627 | S79: 15.63377 | T79: 29.94206 | U79: 23.75351 | V79: 17.8283 | W79: 21.86622 | X79: 32.64571 | Y79: 52.74754 | Z79: 31.59234 | AA79: 52.74754 | AB79: 51.23771 | AC79: 45.19838 | AD79: 16.94171 | AE79: 18.48665 | AF79: 18.31987 | AG79: 17.96875 | AH79: 15.94101 | AI79: 16.16924 | AJ79: 15.95856 | AK79: 14.28195 | AL79: 15.73911 | AM79: 16.7047
A80: R16 | B80: 서울피부과 | C80: 앵커 | D80: 19.36379 | E80: 20.46416 | F80: 17.07643 | G80: 17.29493 | H80: 20.44644 | I80: 20.37361 | J80: 20.1807 | K80: 19.75354 | L80: 20.75549 | M80: 19.10789 | N80: 22.38341 | O80: 22.42475 | P80: 19.97992 | Q80: 18.81459 | R80: 16.87368 | S80: 17.14336 | T80: 20.88147 | U80: 18.87758 | V80: 18.84214 | W80: 18.01342 | X80: 19.30473 | Y80: 18.66498 | Z80: 20.33621 | AA80: 20.42085 | AB80: 17.3717 | AC80: 19.05277 | AD80: 14.28908 | AE80: 15.67685 | AF80: 16.9288 | AG80: 15.93669 | AH80: 15.59418 | AI80: 15.53119 | AJ80: 16.06267 | AK80: 15.63551 | AL80: 16.91502 | AM80: 16.90714
A81: R16 | B81: 강남피부과 | D81: 28.2022 | E81: 48.83958 | F81: 51.44386 | G81: 37.31816 | H81: 36.97761 | I81: 51.23127 | J81: 41.33186 | K81: 43.60544 | L81: 61.75272 | M81: 61.74287 | N81: 55.98905 | O81: 37.09572 | P81: 35.35166 | Q81: 31.71591 | R81: 29.50138 | S81: 30.20806 | T81: 34.76309 | U81: 32.70014 | V81: 34.4501 | W81: 35.24536 | X81: 36.89494 | Y81: 34.46388 | Z81: 39.82598 | AA81: 45.32587 | AB81: 42.18617 | AC81: 35.73945 | AD81: 30.71593 | AE81: 32.43636 | AF81: 35.50717 | AG81: 32.2592 | AH81: 36.47369 | AI81: 38.98545 | AJ81: 49.45178 | AK81: 47.2845 | AL81: 33.82807 | AM81: 37.48745
A82: R16 | B82: 강남치과 | D82: 8.70258 | E82: 26.79081 | F82: 46.85931 | G82: 17.78901 | H82: 12.85801 | I82: 10.87773 | J82: 11.76945 | K82: 12.75959 | L82: 10.66317 | M82: 24.5999 | N82: 18.23389 | O82: 18.79293 | P82: 18.41105 | Q82: 11.56079 | R82: 10.95254 | S82: 16.02527 | T82: 20.88935 | U82: 27.24552 | V82: 26.779 | W82: 58.33152 | X82: 82.22672 | Y82: 54.97529 | Z82: 100 | AA82: 58.37877 | AB82: 35.66268 | AC82: 36.64297 | AD82: 43.27277 | AE82: 27.03293 | AF82: 17.7024 | AG82: 21.48579 | AH82: 18.70435 | AI82: 22.4838 | AJ82: 18.64136 | AK82: 17.45438 | AL82: 25.26131 | AM82: 34.37137
A83: R16 | B83: 부평치과 | D83: 8.68683 | E83: 30.31436 | F83: 42.73734 | G83: 24.93651 | H83: 25.84004 | I83: 16.4229 | J83: 16.25361 | K83: 11.89346 | L83: 26.36759 | M83: 21.04289 | N83: 15.47607 | O83: 17.02328 | P83: 12.42298 | Q83: 12.69463 | R83: 15.07253 | S83: 10.18483 | T83: 10.35412 | U83: 11.54307 | V83: 19.2634 | W83: 26.21995 | X83: 41.25312 | Y83: 34.32019 | Z83: 31.12734 | AA83: 33.29068 | AB83: 40.56219 | AC83: 34.39105 | AD83: 10.68089 | AE83: 13.01155 | AF83: 9.11202 | AG83: 9.11793 | AH83: 11.26946 | AI83: 9.46831 | AJ83: 13.62965 | AK83: 13.62571 | AL83: 13.70445 | AM83: 13.34619
A84: R16 | B84: 서면피부과 | D84: 24.49164 | E84: 34.42845 | F84: 36.88706 | G84: 34.19814 | H84: 32.70801 | I84: 49.96948 | J84: 36.44613 | K84: 30.22578 | L84: 26.92269 | M84: 27.7711 | N84: 40.51888 | O84: 57.29021 | P84: 57.12879 | Q84: 46.31011 | R84: 40.85352 | S84: 42.09365 | T84: 56.88667 | U84: 62.15625 | V84: 64.07944 | W84: 58.13468 | X84: 62.91017 | Y84: 68.43566 | Z84: 44.54439 | AA84: 29.26714 | AB84: 37.30044 | AC84: 46.86128 | AD84: 24.56644 | AE84: 30.53089 | AF84: 28.72384 | AG84: 25.01328 | AH84: 27.50733 | AI84: 23.91882 | AJ84: 30.61553 | AK84: 30.43444 | AL84: 46.09751 | AM84: 40.16456
A85: R17 | B85: 서울피부과 | C85: 앵커 | D85: 1.37826 | E85: 1.45658 | F85: 1.21545 | G85: 1.231 | H85: 1.45532 | I85: 1.45014 | J85: 1.43641 | K85: 1.406 | L85: 1.47732 | M85: 1.36005 | N85: 1.59319 | O85: 1.59613 | P85: 1.42212 | Q85: 1.33917 | R85: 1.20102 | S85: 1.22022 | T85: 1.48629 | U85: 1.34365 | V85: 1.34113 | W85: 1.28215 | X85: 1.37406 | Y85: 1.32852 | Z85: 1.44748 | AA85: 1.4535 | AB85: 1.23647 | AC85: 1.35612 | AD85: 1.01706 | AE85: 1.11583 | AF85: 1.20494 | AG85: 1.13433 | AH85: 1.10995 | AI85: 1.10547 | AJ85: 1.1433 | AK85: 1.11289 | AL85: 1.20396 | AM85: 1.2034
A86: R17 | B86: 피부과 | D86: 72.57731 | E86: 77.2081 | F86: 62.04031 | G86: 61.19909 | H86: 69.22909 | I86: 70.06513 | J86: 71.15785 | K86: 75.17622 | L86: 82.40535 | M86: 77.14659 | N86: 81.20587 | O86: 85.82531 | P86: 75.8063 | Q86: 68.67818 | R86: 59.7411 | S86: 61.26536 | T86: 70.01806 | U86: 67.00008 | V86: 71.06076 | W86: 67.37697 | X86: 76.43581 | Y86: 75.59389 | Z86: 79.62444 | AA86: 80.83808 | AB86: 70.46291 | AC86: 78.94421 | AD86: 57.94909 | AE86: 60.01515 | AF86: 64.87166 | AG86: 62.19527 | AH86: 64.23052 | AI86: 64.70661 | AJ86: 73.20445 | AK86: 68.97633 | AL86: 71.0955 | AM86: 72.95071
A87: R17 | B87: 치과 | D87: 36.46288 | E87: 42.403 | F87: 37.21541 | G87: 41.19609 | H87: 40.02056 | I87: 40.99069 | J87: 39.99254 | K87: 39.17822 | L87: 42.94817 | M87: 39.41066 | N87: 39.92977 | O87: 41.7662 | P87: 37.48344 | Q87: 37.62327 | R87: 34.89196 | S87: 38.39991 | T87: 39.6361 | U87: 37.46131 | V87: 38.93989 | W87: 35.16294 | X87: 39.38446 | Y87: 37.18879 | Z87: 38.55403 | AA87: 40.1213 | AB87: 34.74008 | AC87: 40.75937 | AD87: 32.93504 | AE87: 38.11856 | AF87: 35.0877 | AG87: 34.83073 | AH87: 36.05096 | AI87: 32.86667 | AJ87: 36.44018 | AK87: 34.94478 | AL87: 35.93214 | AM87: 38.22435
A88: R17 | B88: 한의원 | D88: 25.90865 | E88: 30.10691 | F88: 24.44197 | G88: 23.88251 | H88: 25.35577 | I88: 25.7174 | J88: 27.12649 | K88: 27.57582 | L88: 30.5278 | M88: 28.0379 | N88: 28.7414 | O88: 29.90459 | P88: 29.34359 | Q88: 28.14677 | R88: 23.83039 | S88: 22.96577 | T88: 26.02522 | U88: 22.1911 | V88: 26.26761 | W88: 24.15909 | X88: 26.85789 | Y88: 25.50219 | Z88: 24.39195 | AA88: 26.21801 | AB88: 23.7913 | AC88: 28.10151 | AD88: 20.72708 | AE88: 20.88513 | AF88: 20.93739 | AG88: 20.76323 | AH88: 22.26185 | AI88: 20.79658 | AJ88: 24.20266 | AK88: 22.86433 | AL88: 22.63525 | AM88: 23.68061
A89: R17 | B89: 내과 | D89: 68.79643 | E89: 84.56249 | F89: 83.97137 | G89: 100 | H89: 85.27159 | I89: 71.25593 | J89: 66.31144 | K89: 66.87888 | L89: 69.58427 | M89: 59.95841 | N89: 66.2928 | O89: 81.49296 | P89: 62.7375 | Q89: 68.77359 | R89: 62.9691 | S89: 83.76358 | T89: 92.80995 | U89: 57.25022 | V89: 67.94008 | W89: 60.71851 | X89: 62.20354 | Y89: 55.78116 | Z89: 55.18149 | AA89: 60.79011 | AB89: 61.29604 | AC89: 71.61027 | AD89: 73.40845 | AE89: 65.43266 | AF89: 65.21899 | AG89: 61.69172 | AH89: 56.36892 | AI89: 53.17707 | AJ89: 54.87535 | AK89: 49.68033 | AL89: 49.33846 | AM89: 53.1971
A90: R18 | B90: 서울피부과 | C90: 앵커 | D90: 1.52788 | E90: 1.6147 | F90: 1.34739 | G90: 1.36463 | H90: 1.6133 | I90: 1.60755 | J90: 1.59233 | K90: 1.55863 | L90: 1.63769 | M90: 1.50768 | N90: 1.76614 | O90: 1.7694 | P90: 1.57649 | Q90: 1.48454 | R90: 1.3314 | S90: 1.35267 | T90: 1.64763 | U90: 1.48951 | V90: 1.48672 | W90: 1.42133 | X90: 1.52322 | Y90: 1.47274 | Z90: 1.6046 | AA90: 1.61128 | AB90: 1.37069 | AC90: 1.50334 | AD90: 1.12746 | AE90: 1.23696 | AF90: 1.33575 | AG90: 1.25746 | AH90: 1.23044 | AI90: 1.22547 | AJ90: 1.2674 | AK90: 1.2337 | AL90: 1.33466 | AM90: 1.33404
A91: R18 | B91: 정형외과 | D91: 83.32269 | E91: 89.74765 | F91: 74.53345 | G91: 71.03348 | H91: 72.68981 | I91: 72.44689 | J91: 81.97141 | K91: 89.12171 | L91: 100 | M91: 90.2807 | N91: 84.95215 | O91: 87.67863 | P91: 86.51436 | Q91: 84.82603 | R91: 72.36457 | S91: 66.9321 | T91: 70.97865 | U91: 64.34463 | V91: 79.66367 | W91: 76.23048 | X91: 86.72528 | Y91: 82.70405 | Z91: 77.84518 | AA91: 79.7567 | AB91: 76.62468 | AC91: 84.74495 | AD91: 64.8182 | AE91: 65.28292 | AF91: 64.62638 | AG91: 59.45299 | AH91: 69.07443 | AI91: 68.66935 | AJ91: 80.1961 | AK91: 75.03684 | AL91: 71.43203 | AM91: 73.26635
A92: R18 | B92: 안과 | D92: 57.45573 | E92: 57.55001 | F92: 46.13292 | G92: 44.85573 | H92: 45.12412 | I92: 46.36186 | J92: 50.26008 | K92: 63.78579 | L92: 63.10782 | M92: 56.34877 | N92: 55.46795 | O92: 60.72615 | P92: 55.22829 | Q92: 49.474 | R92: 43.04547 | S92: 41.80556 | T92: 43.57247 | U92: 42.80628 | V92: 50.93184 | W92: 59.5774 | X92: 61.16912 | Y92: 54.27789 | Z92: 53.57445 | AA92: 55.93142 | AB92: 51.52547 | AC92: 55.6534 | AD92: 40.70558 | AE92: 41.50688 | AF92: 41.23615 | AG92: 40.04361 | AH92: 44.97843 | AI92: 55.67142 | AJ92: 52.10031 | AK92: 50.15679 | AL92: 50.69513 | AM92: 53.9598
A93: R18 | B93: 성형외과 | D93: 6.01833 | E93: 6.31499 | F93: 6.31405 | G93: 6.64737 | H93: 7.63319 | I93: 6.22692 | J93: 6.47621 | K93: 6.28454 | L93: 6.39467 | M93: 6.06679 | N93: 6.1884 | O93: 5.8978 | P93: 5.79575 | Q93: 5.87217 | R93: 5.86906 | S93: 6.38907 | T93: 6.66539 | U93: 5.64509 | V93: 5.5067 | W93: 5.18271 | X93: 5.37732 | Y93: 5.1928 | Z93: 5.35402 | AA93: 5.58638 | AB93: 5.16702 | AC93: 5.14947 | AD93: 4.96666 | AE93: 6.44949 | AF93: 6.42262 | AG93: 5.63608 | AH93: 4.69888 | AI93: 4.81304 | AJ93: 4.72218 | AK93: 4.33295 | AL93: 4.11007 | AM93: 4.18959
A94: R18 | B94: 병원 | D94: 38.01451 | E94: 46.29042 | F94: 39.57268 | G94: 46.75948 | H94: 34.77532 | I94: 34.19691 | J94: 34.31355 | K94: 33.49937 | L94: 35.66856 | M94: 31.18432 | N94: 28.21896 | O94: 36.28254 | P94: 34.63304 | Q94: 33.26949 | R94: 29.12929 | S94: 38.23351 | T94: 45.33333 | U94: 21.00435 | V94: 31.89072 | W94: 32.09279 | X94: 30.74291 | Y94: 25.50552 | Z94: 21.5326 | AA94: 24.73607 | AB94: 26.33151 | AC94: 38.31102 | AD94: 34.95782 | AE94: 27.98008 | AF94: 25.58862 | AG94: 28.3266 | AH94: 26.09015 | AI94: 24.31593 | AJ94: 26.33912 | AK94: 20.88258 | AL94: 19.12685 | AM94: 21.42807
A95: R19 | B95: 서울피부과 | C95: 앵커 | D95: 8.24407 | E95: 8.71255 | F95: 7.27024 | G95: 7.36326 | H95: 8.70501 | I95: 8.674 | J95: 8.59187 | K95: 8.41001 | L95: 8.83659 | M95: 8.13513 | N95: 9.52967 | O95: 9.54727 | P95: 8.50639 | Q95: 8.01025 | R95: 7.18392 | S95: 7.29873 | T95: 8.89022 | U95: 8.03707 | V95: 8.02199 | W95: 7.66916 | X95: 8.21893 | Y95: 7.94656 | Z95: 8.65808 | AA95: 8.69412 | AB95: 7.39595 | AC95: 8.11166 | AD95: 6.08353 | AE95: 6.67437 | AF95: 7.20738 | AG95: 6.785 | AH95: 6.63917 | AI95: 6.61235 | AJ95: 6.83863 | AK95: 6.65677 | AL95: 7.20152 | AM95: 7.19816
A96: R19 | B96: 임플란트 | D96: 33.51351 | E96: 34.35912 | F96: 33.35009 | G96: 36.20958 | H96: 41.34778 | I96: 35.17875 | J96: 38.33408 | K96: 33.61241 | L96: 34.04233 | M96: 32.21702 | N96: 34.05658 | O96: 31.08479 | P96: 28.65439 | Q96: 31.62534 | R96: 34.18397 | S96: 33.71381 | T96: 33.00983 | U96: 35.46705 | V96: 34.83515 | W96: 30.20817 | X96: 29.32652 | Y96: 28.63512 | Z96: 27.84314 | AA96: 26.88104 | AB96: 25.15043 | AC96: 22.51219 | AD96: 23.28656 | AE96: 27.52635 | AF96: 38.12624 | AG96: 19.853 | AH96: 21.40091 | AI96: 19.63845 | AJ96: 18.06875 | AK96: 17.69078 | AL96: 18.06037 | AM96: 20.23264
A97: R19 | B97: 라식 | D97: 13.52558 | E97: 13.20712 | F97: 15.27547 | G97: 18.57913 | H97: 21.57858 | I97: 19.22445 | J97: 17.77543 | K97: 13.35713 | L97: 12.98587 | M97: 13.69152 | N97: 14.56395 | O97: 14.39801 | P97: 12.63304 | Q97: 12.58862 | R97: 16.08001 | S97: 16.25601 | T97: 17.83074 | U97: 14.54802 | V97: 11.87123 | W97: 10.70967 | X97: 10.65101 | Y97: 10.67615 | Z97: 11.39605 | AA97: 11.70027 | AB97: 11.12954 | AC97: 9.79282 | AD97: 11.1329 | AE97: 12.5903 | AF97: 12.64896 | AG97: 9.14835 | AH97: 7.582 | AI97: 6.91155 | AJ97: 6.47659 | AK97: 6.33328 | AL97: 7.23001 | AM97: 6.95345
A98: R19 | B98: 도수치료 | D98: 48.46214 | E98: 47.16062 | F98: 45.1392 | G98: 41.41566 | H98: 48.11266 | I98: 52.32061 | J98: 46.48933 | K98: 45.14423 | L98: 47.00474 | M98: 45.58086 | N98: 48.49985 | O98: 48.59958 | P98: 45.67891 | Q98: 40.23315 | R98: 45.39816 | S98: 38.89224 | T98: 75.94324 | U98: 38.6735 | V98: 46.19097 | W98: 40.7209 | X98: 36.0889 | Y98: 34.09597 | Z98: 35.89279 | AA98: 34.62563 | AB98: 33.66688 | AC98: 28.3485 | AD98: 30.20901 | AE98: 68.42242 | AF98: 47.90985 | AG98: 32.0712 | AH98: 29.42961 | AI98: 43.37423 | AJ98: 42.72053 | AK98: 100 | AL98: 72.7326 | AM98: 30.03972
A99: R19 | B99: 여드름치료 | D99: 2.87373 | E99: 3.08157 | F99: 2.70277 | G99: 2.74048 | H99: 3.31456 | I99: 2.95419 | J99: 2.55024 | K99: 3.20393 | L99: 2.31977 | M99: 2.23764 | N99: 2.83099 | O99: 2.8972 | P99: 2.70528 | Q99: 2.76311 | R99: 2.63907 | S99: 2.55527 | T99: 3.73024 | U99: 3.50312 | V99: 2.6265 | W99: 2.25775 | X99: 2.2435 | Y99: 2.30468 | Z99: 2.70863 | AA99: 2.7564 | AB99: 2.51169 | AC99: 2.57538 | AD99: 2.34156 | AE99: 2.88379 | AF99: 3.09079 | AG99: 2.19992 | AH99: 1.91163 | AI99: 1.50265 | AJ99: 1.45488 | AK99: 1.43561 | AL99: 1.69373 | AM99: 1.50936
A100: R20 | B100: 서울피부과 | C100: 앵커 | D100: 0.01288 | E100: 0.01361 | F100: 0.01136 | G100: 0.0115 | H100: 0.0136 | I100: 0.01355 | J100: 0.01342 | K100: 0.01314 | L100: 0.0138 | M100: 0.01271 | N100: 0.01489 | O100: 0.01491 | P100: 0.01329 | Q100: 0.01251 | R100: 0.01122 | S100: 0.0114 | T100: 0.01389 | U100: 0.01255 | V100: 0.01253 | W100: 0.01198 | X100: 0.01284 | Y100: 0.01241 | Z100: 0.01352 | AA100: 0.01358 | AB100: 0.01155 | AC100: 0.01267 | AD100: 0.0095 | AE100: 0.01043 | AF100: 0.01126 | AG100: 0.0106 | AH100: 0.01037 | AI100: 0.01033 | AJ100: 0.01068 | AK100: 0.0104 | AL100: 0.01125 | AM100: 0.01124
...
